iid,pid,age,emotion,emotion_code
18,166,32,fear,2
22,166,28,neutral,4
23,143,25,sad,5
24,143,27,happy,3
26,143,24,neutral,4
27,143,43,neutral,4
28,143,51,happy,3
29,143,33,neutral,4
30,143,32,happy,3
31,143,36,happy,3
32,143,35,fear,2
33,143,46,happy,3
35,859,45,angry,0
36,859,44,surprise,6
37,859,36,neutral,4
40,859,38,fear,2
41,859,39,sad,5
45,859,31,neutral,4
46,859,46,neutral,4
48,859,29,neutral,4
50,859,31,sad,5
51,859,32,angry,0
53,859,38,neutral,4
54,859,34,neutral,4
55,859,32,happy,3
59,201,27,happy,3
60,201,26,happy,3
61,615,37,sad,5
62,615,30,neutral,4
64,615,32,fear,2
65,615,27,neutral,4
67,615,30,neutral,4
68,615,31,neutral,4
69,615,43,angry,0
70,615,29,neutral,4
71,615,35,angry,0
72,615,30,happy,3
74,164,39,happy,3
75,164,40,happy,3
76,164,32,happy,3
77,164,38,happy,3
94,1022,30,happy,3
95,1022,24,neutral,4
96,1022,31,happy,3
97,1022,23,happy,3
98,1022,36,happy,3
99,1022,30,neutral,4
100,1022,32,happy,3
101,1022,28,happy,3
103,266,23,sad,5
104,266,31,neutral,4
105,266,24,happy,3
106,266,26,neutral,4
108,78,28,neutral,4
109,78,33,neutral,4
110,78,29,neutral,4
111,78,27,happy,3
112,78,31,happy,3
113,78,32,sad,5
114,78,33,happy,3
115,78,32,happy,3
116,78,33,neutral,4
117,78,29,angry,0
119,78,32,sad,5
120,78,26,neutral,4
121,447,29,happy,3
124,447,24,neutral,4
130,447,25,neutral,4
137,470,26,neutral,4
139,813,30,happy,3
140,813,31,happy,3
141,813,27,happy,3
144,813,25,sad,5
145,813,24,neutral,4
146,813,24,happy,3
147,888,28,angry,0
148,888,28,neutral,4
149,888,24,happy,3
150,888,30,fear,2
151,888,30,neutral,4
152,888,28,neutral,4
190,6,48,neutral,4
192,487,26,angry,0
200,419,36,happy,3
202,578,22,fear,2
211,446,21,happy,3
256,948,33,happy,3
257,948,28,angry,0
261,849,31,happy,3
266,778,32,surprise,6
267,778,30,happy,3
268,778,31,neutral,4
269,778,31,happy,3
270,778,36,happy,3
273,249,34,sad,5
274,249,32,happy,3
276,286,33,happy,3
277,286,36,happy,3
278,286,31,happy,3
279,286,36,happy,3
280,286,32,happy,3
281,766,31,sad,5
283,766,46,neutral,4
284,766,41,neutral,4
285,766,41,neutral,4
291,804,28,angry,0
292,804,21,happy,3
293,804,23,neutral,4
294,804,27,happy,3
295,804,25,happy,3
301,652,38,happy,3
305,652,43,happy,3
306,335,30,happy,3
307,335,39,happy,3
308,335,40,happy,3
309,335,35,happy,3
310,335,29,happy,3
311,335,33,happy,3
312,335,36,happy,3
313,335,30,happy,3
315,335,31,neutral,4
321,800,23,happy,3
332,276,32,neutral,4
333,276,37,happy,3
334,276,30,neutral,4
335,276,32,happy,3
336,276,29,neutral,4
338,276,33,happy,3
339,276,32,happy,3
340,276,34,happy,3
341,276,33,happy,3
342,276,33,happy,3
343,276,35,happy,3
344,276,32,neutral,4
345,276,32,happy,3
346,276,37,happy,3
347,529,31,happy,3
348,529,31,happy,3
349,529,30,happy,3
350,529,32,sad,5
351,529,31,happy,3
352,529,30,neutral,4
353,529,31,happy,3
354,529,26,neutral,4
355,529,31,neutral,4
356,529,30,happy,3
357,529,31,neutral,4
358,529,29,fear,2
359,529,31,happy,3
360,529,31,neutral,4
361,529,32,neutral,4
363,529,29,angry,0
393,950,31,happy,3
397,950,28,neutral,4
398,950,30,happy,3
399,950,31,happy,3
400,950,32,happy,3
401,950,32,happy,3
405,172,28,neutral,4
406,172,25,neutral,4
407,172,28,happy,3
408,172,21,happy,3
409,172,22,happy,3
410,172,23,happy,3
411,172,25,happy,3
412,172,22,happy,3
413,172,27,happy,3
417,171,25,happy,3
418,171,21,happy,3
419,171,28,happy,3
420,171,22,happy,3
421,171,24,happy,3
422,171,27,happy,3
423,171,25,sad,5
424,171,26,neutral,4
426,311,30,happy,3
429,311,30,happy,3
430,311,31,angry,0
431,311,28,happy,3
432,311,39,happy,3
433,311,26,happy,3
434,311,28,angry,0
435,311,31,happy,3
436,311,31,happy,3
459,989,40,happy,3
460,989,27,happy,3
461,989,30,angry,0
462,989,44,angry,0
463,989,32,neutral,4
464,989,43,happy,3
465,989,34,happy,3
466,989,42,neutral,4
467,465,32,happy,3
469,465,31,happy,3
471,465,31,happy,3
472,465,29,neutral,4
473,466,33,happy,3
474,466,30,sad,5
475,466,29,happy,3
478,466,30,sad,5
479,646,33,happy,3
480,646,41,happy,3
481,646,32,happy,3
482,646,34,happy,3
483,646,35,happy,3
484,646,36,happy,3
486,786,25,sad,5
491,927,31,angry,0
497,20,48,happy,3
499,20,41,happy,3
501,303,23,happy,3
503,303,28,happy,3
504,303,29,happy,3
505,303,23,sad,5
507,303,27,happy,3
508,303,22,neutral,4
509,303,30,fear,2
511,303,30,happy,3
512,303,22,happy,3
514,254,25,neutral,4
515,254,21,neutral,4
517,254,25,neutral,4
518,1070,30,neutral,4
520,1070,26,neutral,4
521,1070,25,happy,3
522,1070,23,happy,3
525,241,30,neutral,4
527,241,31,neutral,4
528,241,33,happy,3
531,241,30,neutral,4
533,241,29,happy,3
534,322,33,neutral,4
535,322,27,sad,5
536,322,28,neutral,4
539,322,31,happy,3
540,322,32,sad,5
541,322,33,sad,5
542,322,28,happy,3
544,322,28,neutral,4
545,322,28,neutral,4
547,322,35,happy,3
548,322,33,neutral,4
549,308,22,happy,3
550,308,22,neutral,4
551,308,22,neutral,4
552,308,21,neutral,4
553,308,22,angry,0
554,308,23,happy,3
555,308,22,happy,3
556,521,22,happy,3
558,521,26,fear,2
559,521,28,happy,3
561,521,23,happy,3
562,521,30,happy,3
564,521,28,neutral,4
566,521,30,neutral,4
568,521,30,happy,3
570,675,30,happy,3
572,675,33,happy,3
576,936,33,happy,3
579,441,31,happy,3
580,441,30,happy,3
581,441,33,happy,3
582,441,29,happy,3
583,441,30,happy,3
584,441,29,sad,5
585,441,33,happy,3
586,441,33,happy,3
587,441,31,neutral,4
588,441,32,neutral,4
589,441,34,angry,0
590,441,29,happy,3
594,441,31,happy,3
595,441,32,neutral,4
637,291,24,happy,3
640,291,24,happy,3
641,291,28,happy,3
642,498,27,neutral,4
643,498,26,happy,3
644,498,28,happy,3
645,498,25,happy,3
647,498,26,happy,3
648,498,29,fear,2
649,498,29,neutral,4
655,434,34,happy,3
656,1097,23,happy,3
657,1097,23,happy,3
658,1097,23,neutral,4
660,1097,24,happy,3
661,1097,24,happy,3
662,1097,23,happy,3
665,744,45,happy,3
667,744,49,neutral,4
668,744,41,angry,0
672,257,32,happy,3
674,257,32,happy,3
675,755,50,sad,5
676,755,34,happy,3
677,755,44,angry,0
680,1112,27,happy,3
681,1112,26,happy,3
682,1112,23,happy,3
683,1112,33,happy,3
684,1112,35,happy,3
685,1112,26,happy,3
686,1064,36,happy,3
687,1064,41,happy,3
688,1064,33,happy,3
689,1064,36,happy,3
692,377,37,happy,3
693,377,41,happy,3
700,944,37,happy,3
726,836,31,neutral,4
727,836,32,happy,3
728,836,30,happy,3
729,836,24,happy,3
730,836,28,happy,3
731,450,26,happy,3
733,450,26,happy,3
736,628,25,happy,3
737,628,27,happy,3
738,628,27,happy,3
739,628,34,sad,5
740,628,24,happy,3
741,651,49,happy,3
742,651,32,happy,3
743,651,27,happy,3
745,651,36,happy,3
746,371,21,happy,3
747,371,22,happy,3
748,371,23,happy,3
752,371,27,happy,3
753,997,25,happy,3
754,997,26,happy,3
755,997,32,happy,3
756,997,31,happy,3
757,997,25,neutral,4
758,997,33,happy,3
759,997,25,happy,3
760,997,29,happy,3
762,797,32,happy,3
763,797,33,happy,3
764,797,32,happy,3
765,797,30,happy,3
766,114,31,happy,3
767,114,31,happy,3
768,114,28,sad,5
769,114,31,happy,3
770,114,29,happy,3
798,641,30,happy,3
799,641,27,happy,3
800,641,24,happy,3
801,641,26,happy,3
802,641,32,happy,3
803,641,29,happy,3
804,641,30,happy,3
805,641,33,happy,3
806,641,25,happy,3
807,641,25,neutral,4
809,641,29,happy,3
810,641,32,happy,3
817,672,34,happy,3
818,672,29,happy,3
819,672,25,happy,3
820,672,32,happy,3
821,672,26,happy,3
822,672,27,happy,3
823,672,35,happy,3
824,672,21,happy,3
825,672,31,happy,3
826,672,25,happy,3
827,672,33,sad,5
828,672,28,happy,3
829,672,30,happy,3
830,672,22,happy,3
831,672,29,happy,3
832,672,25,neutral,4
833,672,29,sad,5
834,207,23,happy,3
835,207,21,happy,3
836,207,25,neutral,4
837,207,22,happy,3
838,207,30,happy,3
839,207,24,happy,3
841,215,28,happy,3
842,215,25,happy,3
843,215,34,happy,3
844,215,23,sad,5
845,217,35,happy,3
846,217,27,happy,3
881,5,35,neutral,4
882,5,47,happy,3
883,5,30,angry,0
885,5,23,happy,3
886,725,23,neutral,4
887,725,29,happy,3
888,725,24,neutral,4
889,725,28,happy,3
890,725,23,happy,3
894,834,30,angry,0
895,834,29,happy,3
897,834,32,happy,3
899,834,30,happy,3
900,834,30,happy,3
942,417,25,neutral,4
946,203,27,happy,3
947,203,27,happy,3
948,203,28,happy,3
949,203,26,happy,3
950,203,31,happy,3
951,56,33,fear,2
953,56,31,neutral,4
954,56,39,neutral,4
956,1063,30,neutral,4
960,1063,31,happy,3
962,117,42,happy,3
963,117,33,happy,3
964,117,33,happy,3
966,117,38,happy,3
967,117,32,happy,3
968,117,43,happy,3
969,188,39,happy,3
970,188,28,happy,3
971,188,39,happy,3
972,188,25,neutral,4
973,188,40,angry,0
974,188,39,happy,3
981,150,29,angry,0
982,150,23,neutral,4
984,150,33,neutral,4
985,150,31,neutral,4
986,150,32,happy,3
987,150,29,happy,3
988,150,31,angry,0
989,89,26,angry,0
990,89,27,happy,3
991,89,25,happy,3
992,89,30,sad,5
994,89,32,sad,5
995,89,32,angry,0
996,89,25,fear,2
998,89,32,angry,0
999,89,27,angry,0
1000,89,27,neutral,4
1001,89,34,neutral,4
1014,768,35,sad,5
1015,768,30,neutral,4
1016,768,33,sad,5
1017,768,29,happy,3
1019,768,31,neutral,4
1020,768,29,neutral,4
1022,768,25,neutral,4
1023,768,34,happy,3
1024,768,36,happy,3
1025,768,31,neutral,4
1026,768,34,neutral,4
1098,438,32,neutral,4
1099,438,32,happy,3
1100,438,31,neutral,4
1101,438,33,neutral,4
1102,438,33,neutral,4
1103,438,33,happy,3
1104,438,30,neutral,4
1105,438,31,happy,3
1106,438,33,happy,3
1107,438,30,happy,3
1108,438,32,happy,3
1109,438,30,happy,3
1110,438,31,neutral,4
1111,438,32,happy,3
1112,438,35,happy,3
1120,602,41,happy,3
1121,602,40,neutral,4
1122,602,42,happy,3
1123,602,50,happy,3
1125,602,45,neutral,4
1126,602,38,happy,3
1127,602,34,happy,3
1128,602,42,neutral,4
1129,602,39,happy,3
1130,602,33,happy,3
1131,602,45,neutral,4
1132,602,44,happy,3
1143,343,43,happy,3
1144,343,38,happy,3
1148,343,32,happy,3
1149,343,48,happy,3
1150,343,51,happy,3
1151,343,34,happy,3
1154,28,45,angry,0
1155,28,39,neutral,4
1156,28,46,angry,0
1157,28,44,happy,3
1159,28,32,angry,0
1160,28,35,happy,3
1161,28,36,happy,3
1162,28,28,happy,3
1164,28,23,sad,5
1165,28,38,neutral,4
1166,28,22,angry,0
1168,28,23,happy,3
1172,28,35,happy,3
1173,28,33,happy,3
1175,28,43,happy,3
1179,28,33,fear,2
1181,28,44,happy,3
1182,28,31,happy,3
1183,28,40,fear,2
1184,28,40,neutral,4
1185,396,31,happy,3
1189,396,32,happy,3
1190,396,33,happy,3
1192,396,32,happy,3
1193,396,32,happy,3
1194,396,32,neutral,4
1195,396,31,happy,3
1197,396,33,happy,3
1198,396,32,neutral,4
1199,396,31,neutral,4
1200,396,32,happy,3
1201,396,32,neutral,4
1204,396,31,happy,3
1209,1083,27,happy,3
1211,1083,27,happy,3
1212,1083,26,neutral,4
1214,1083,27,neutral,4
1218,1083,27,happy,3
1219,1083,26,happy,3
1222,1083,26,happy,3
1224,1083,30,happy,3
1225,1083,24,happy,3
1227,1083,26,happy,3
1229,790,34,happy,3
1230,790,27,happy,3
1231,790,33,happy,3
1232,790,30,happy,3
1243,325,31,angry,0
1244,325,31,happy,3
1245,325,29,happy,3
1246,325,31,happy,3
1247,325,30,happy,3
1248,325,28,happy,3
1251,325,30,happy,3
1253,875,34,happy,3
1254,875,36,happy,3
1258,318,25,happy,3
1260,318,23,happy,3
1263,647,31,happy,3
1264,647,31,happy,3
1265,647,33,happy,3
1266,647,32,happy,3
1267,647,27,happy,3
1268,985,24,happy,3
1269,985,31,happy,3
1270,985,39,happy,3
1271,985,32,happy,3
1274,633,32,happy,3
1278,633,30,happy,3
1283,751,30,happy,3
1286,751,33,happy,3
1287,751,34,happy,3
1300,1010,39,happy,3
1301,1010,42,happy,3
1304,1010,36,happy,3
1305,1010,39,neutral,4
1306,1010,41,happy,3
1307,1010,33,happy,3
1308,1010,37,neutral,4
1309,1010,30,happy,3
1310,1010,32,happy,3
1311,1010,40,happy,3
1312,65,49,happy,3
1313,65,35,happy,3
1315,65,35,happy,3
1318,290,32,happy,3
1319,290,32,happy,3
1320,290,33,happy,3
1321,290,32,happy,3
1322,2,29,neutral,4
1323,2,27,neutral,4
1324,2,27,happy,3
1326,2,31,happy,3
1330,223,26,happy,3
1331,223,24,happy,3
1332,561,29,happy,3
1333,561,28,happy,3
1334,561,25,neutral,4
1335,561,24,happy,3
1340,206,25,happy,3
1341,206,21,sad,5
1342,206,20,happy,3
1343,206,22,happy,3
1344,226,28,happy,3
1348,658,42,happy,3
1349,658,32,happy,3
1350,658,39,happy,3
1353,658,31,happy,3
1354,658,29,happy,3
1357,228,30,neutral,4
1358,228,23,neutral,4
1359,228,25,happy,3
1360,689,35,happy,3
1361,689,32,happy,3
1362,689,37,happy,3
1363,689,30,happy,3
1365,689,37,happy,3
1366,689,39,happy,3
1367,689,34,happy,3
1372,902,45,neutral,4
1375,838,34,happy,3
1379,638,35,happy,3
1380,638,30,neutral,4
1382,638,43,happy,3
1383,284,42,happy,3
1384,284,39,happy,3
1389,199,32,happy,3
1393,199,32,happy,3
1394,199,25,happy,3
1395,199,29,happy,3
1410,191,51,neutral,4
1411,134,35,happy,3
1412,134,34,happy,3
1415,134,34,happy,3
1441,922,33,neutral,4
1442,922,30,angry,0
1443,922,28,happy,3
1444,922,32,neutral,4
1446,695,34,neutral,4
1447,695,36,neutral,4
1449,695,42,happy,3
1450,695,30,sad,5
1453,661,31,happy,3
1454,661,32,neutral,4
1455,661,31,fear,2
1456,661,33,happy,3
1458,996,30,neutral,4
1459,996,38,angry,0
1460,996,29,sad,5
1461,996,33,neutral,4
1468,921,30,neutral,4
1469,921,26,happy,3
1473,921,27,happy,3
1474,866,32,happy,3
1476,866,33,sad,5
1480,925,25,neutral,4
1481,925,33,neutral,4
1485,925,26,happy,3
1486,925,23,neutral,4
1487,925,32,happy,3
1489,925,31,neutral,4
1490,925,27,neutral,4
1492,959,49,happy,3
1493,959,47,neutral,4
1494,959,42,sad,5
1495,959,46,happy,3
1496,1080,24,happy,3
1497,1080,23,neutral,4
1498,1080,23,happy,3
1499,1080,27,neutral,4
1500,1080,25,sad,5
1501,227,27,happy,3
1503,227,23,happy,3
1506,1018,32,happy,3
1507,1018,33,happy,3
1508,1018,32,happy,3
1509,1018,31,neutral,4
1543,590,38,fear,2
1544,590,34,surprise,6
1545,590,34,neutral,4
1546,590,34,neutral,4
1547,590,39,happy,3
1549,590,41,surprise,6
1552,590,39,happy,3
1554,590,36,happy,3
1556,590,44,happy,3
1558,817,38,happy,3
1559,817,42,happy,3
1560,817,23,happy,3
1561,817,42,happy,3
1564,817,41,happy,3
1565,817,41,happy,3
1567,817,45,happy,3
1568,817,42,happy,3
1569,817,40,happy,3
1586,994,36,happy,3
1587,994,40,happy,3
1588,994,38,happy,3
1589,994,32,happy,3
1591,994,33,happy,3
1592,994,36,happy,3
1593,994,31,happy,3
1594,994,29,happy,3
1595,994,26,happy,3
1596,994,31,neutral,4
1597,994,22,happy,3
1605,38,39,angry,0
1606,38,41,happy,3
1607,38,40,happy,3
1608,38,38,happy,3
1609,38,45,sad,5
1610,974,28,happy,3
1611,974,28,neutral,4
1612,974,23,happy,3
1613,974,25,happy,3
1614,974,28,happy,3
1617,299,38,happy,3
1618,299,33,happy,3
1619,299,36,happy,3
1620,297,33,neutral,4
1621,297,35,happy,3
1623,297,33,happy,3
1624,297,34,happy,3
1627,781,32,happy,3
1628,781,33,happy,3
1629,781,27,happy,3
1633,247,29,happy,3
1636,762,32,neutral,4
1637,762,33,happy,3
1638,762,28,happy,3
1639,762,32,happy,3
1640,762,28,neutral,4
1641,762,31,happy,3
1642,762,27,happy,3
1643,762,25,happy,3
1657,330,32,neutral,4
1663,330,32,happy,3
1664,330,32,happy,3
1665,330,31,happy,3
1666,330,31,neutral,4
1672,330,32,happy,3
1673,250,29,happy,3
1674,250,29,happy,3
1675,250,23,neutral,4
1677,250,26,neutral,4
1678,250,23,sad,5
1687,1109,34,happy,3
1688,1109,31,happy,3
1691,1118,30,happy,3
1692,1118,23,neutral,4
1693,1118,23,angry,0
1694,1118,25,neutral,4
1695,1118,23,neutral,4
1696,1118,23,happy,3
1697,1118,23,neutral,4
1698,1118,23,neutral,4
1699,1118,23,neutral,4
1701,1118,23,neutral,4
1702,1118,24,happy,3
1703,329,34,happy,3
1705,329,37,happy,3
1709,339,29,happy,3
1710,339,32,neutral,4
1712,339,31,happy,3
1713,339,29,happy,3
1714,339,33,neutral,4
1715,339,30,happy,3
1716,339,32,happy,3
1717,339,33,happy,3
1719,932,22,neutral,4
1720,932,22,neutral,4
1721,932,28,neutral,4
1727,977,25,neutral,4
1729,393,43,happy,3
1730,393,32,happy,3
1731,393,43,happy,3
1734,1061,49,neutral,4
1735,1061,35,happy,3
1736,1061,49,happy,3
1737,1061,43,happy,3
1739,1106,26,happy,3
1740,1106,29,neutral,4
1741,1106,31,happy,3
1742,1106,30,happy,3
1743,1106,26,happy,3
1744,1106,24,happy,3
1745,1106,35,happy,3
1746,1106,25,happy,3
1747,1106,28,happy,3
1748,931,28,happy,3
1749,931,21,sad,5
1750,931,26,sad,5
1751,931,23,sad,5
1755,70,26,sad,5
1756,70,27,happy,3
1757,70,28,sad,5
1758,70,26,happy,3
1759,128,30,happy,3
1760,128,33,neutral,4
1761,128,32,happy,3
1763,128,30,neutral,4
1767,128,25,neutral,4
1781,88,23,neutral,4
1782,88,32,neutral,4
1786,88,26,neutral,4
1794,88,32,happy,3
1795,127,33,happy,3
1797,127,32,happy,3
1800,127,34,happy,3
1801,127,32,neutral,4
1803,127,29,happy,3
1805,175,29,angry,0
1806,175,31,happy,3
1807,175,33,happy,3
1808,175,30,happy,3
1809,175,29,neutral,4
1812,175,32,happy,3
1813,175,30,happy,3
1815,76,39,happy,3
1816,76,33,neutral,4
1817,76,28,neutral,4
1818,76,27,happy,3
1819,76,26,happy,3
1820,76,24,happy,3
1821,76,24,happy,3
1822,76,26,happy,3
1823,76,32,happy,3
1825,1026,29,happy,3
1826,1026,24,happy,3
1827,1026,26,happy,3
1828,1026,32,happy,3
1829,1026,26,happy,3
1830,1026,24,happy,3
1832,77,35,happy,3
1834,77,33,happy,3
1835,77,35,angry,0
1837,444,32,happy,3
1838,444,31,happy,3
1839,444,32,happy,3
1840,444,32,happy,3
1841,444,32,happy,3
1842,444,33,happy,3
1844,444,34,happy,3
1845,444,32,happy,3
1847,1050,22,happy,3
1848,1050,25,neutral,4
1849,1050,31,happy,3
1850,1050,29,happy,3
1854,1050,30,neutral,4
1856,1050,23,happy,3
1877,9,32,happy,3
1879,9,36,sad,5
1881,9,33,happy,3
1882,971,24,happy,3
1883,971,23,happy,3
1884,971,25,happy,3
1886,971,26,happy,3
1889,1015,22,happy,3
1890,1015,26,neutral,4
1900,595,32,neutral,4
1903,595,27,neutral,4
1906,867,22,neutral,4
1907,867,27,happy,3
1908,867,32,neutral,4
1909,867,25,happy,3
1911,867,22,neutral,4
1913,867,31,happy,3
1915,867,29,angry,0
1917,990,45,neutral,4
1918,990,34,sad,5
1922,990,38,happy,3
1923,990,39,happy,3
1924,585,46,happy,3
1925,585,40,sad,5
1926,585,39,happy,3
1928,585,26,happy,3
1929,585,45,happy,3
1931,585,40,happy,3
1933,585,51,happy,3
1934,585,44,neutral,4
1935,585,43,neutral,4
1936,585,38,happy,3
1937,585,40,happy,3
1943,411,37,happy,3
1944,411,31,happy,3
1945,411,24,happy,3
1946,411,27,happy,3
1947,411,24,happy,3
1948,411,23,happy,3
1950,411,23,happy,3
1951,411,23,happy,3
1952,411,28,fear,2
1953,411,24,happy,3
1954,411,25,happy,3
1955,411,34,happy,3
1956,411,27,neutral,4
1957,411,23,happy,3
1958,499,26,happy,3
1959,499,28,neutral,4
1960,499,31,happy,3
1961,499,26,happy,3
1962,499,30,neutral,4
1963,499,30,neutral,4
1964,499,28,neutral,4
1965,499,29,neutral,4
1966,499,31,happy,3
1967,499,31,neutral,4
1968,499,31,neutral,4
1969,499,31,happy,3
1970,499,30,happy,3
1971,499,24,happy,3
1972,499,32,happy,3
1973,499,32,happy,3
1981,1069,34,happy,3
1982,1069,32,happy,3
1983,1069,29,happy,3
1984,1069,29,neutral,4
1985,1069,29,happy,3
1986,1069,33,happy,3
1991,613,31,happy,3
1992,613,39,happy,3
1994,454,27,happy,3
1995,454,25,neutral,4
1996,454,28,neutral,4
1997,454,28,happy,3
1998,454,26,happy,3
1999,454,25,happy,3
2000,454,27,happy,3
2058,518,29,happy,3
2059,518,25,happy,3
2061,518,28,happy,3
2062,518,31,happy,3
2064,519,24,happy,3
2067,519,26,happy,3
2068,519,26,happy,3
2069,519,27,happy,3
2070,519,29,happy,3
2071,519,31,happy,3
2072,519,31,happy,3
2073,568,26,happy,3
2075,568,28,happy,3
2076,568,25,happy,3
2079,568,33,neutral,4
2080,568,37,happy,3
2081,688,38,neutral,4
2082,688,34,happy,3
2083,688,39,angry,0
2084,688,43,sad,5
2085,688,34,sad,5
2086,688,45,neutral,4
2087,688,42,sad,5
2107,319,25,happy,3
2108,319,29,happy,3
2109,319,25,happy,3
2110,319,28,happy,3
2111,319,28,happy,3
2112,319,29,happy,3
2113,319,28,happy,3
2114,319,27,happy,3
2115,550,31,happy,3
2116,550,28,happy,3
2117,550,30,happy,3
2118,550,33,happy,3
2119,550,25,happy,3
2120,550,27,neutral,4
2121,550,33,happy,3
2122,550,26,happy,3
2123,550,25,happy,3
2124,321,27,neutral,4
2125,321,23,sad,5
2126,321,31,happy,3
2127,321,27,happy,3
2128,321,28,happy,3
2129,321,30,happy,3
2130,321,23,happy,3
2131,321,28,happy,3
2132,943,50,neutral,4
2133,943,46,neutral,4
2134,943,51,sad,5
2135,943,48,happy,3
2136,943,51,neutral,4
2137,943,50,sad,5
2138,943,52,happy,3
2139,943,34,happy,3
2140,720,26,happy,3
2141,720,38,happy,3
2142,720,35,happy,3
2143,720,24,happy,3
2144,720,31,happy,3
2146,720,28,happy,3
2147,720,30,happy,3
2148,720,32,happy,3
2150,720,24,happy,3
2151,720,32,happy,3
2152,720,25,happy,3
2153,720,33,neutral,4
2154,720,32,happy,3
2155,720,40,happy,3
2156,720,30,happy,3
2157,720,29,happy,3
2158,720,25,happy,3
2159,720,35,happy,3
2160,485,33,fear,2
2161,485,27,happy,3
2162,485,25,happy,3
2163,485,26,happy,3
2164,485,27,happy,3
2165,485,25,happy,3
2166,485,35,happy,3
2167,485,36,happy,3
2168,485,25,neutral,4
2169,486,24,happy,3
2170,486,23,happy,3
2171,486,27,neutral,4
2172,486,25,happy,3
2173,486,24,neutral,4
2174,486,24,neutral,4
2175,486,24,happy,3
2176,486,23,happy,3
2177,486,25,angry,0
2178,986,29,happy,3
2179,986,23,sad,5
2180,986,36,happy,3
2181,986,22,happy,3
2182,986,41,angry,0
2183,986,27,happy,3
2184,986,40,neutral,4
2185,986,23,happy,3
2186,986,30,happy,3
2187,986,22,neutral,4
2188,986,37,happy,3
2189,986,22,angry,0
2190,986,25,happy,3
2191,986,24,happy,3
2201,356,26,happy,3
2209,356,35,neutral,4
2210,356,25,happy,3
2211,185,30,happy,3
2212,185,49,happy,3
2213,185,35,happy,3
2214,185,39,happy,3
2215,185,40,fear,2
2216,185,35,happy,3
2219,184,29,neutral,4
2220,184,24,neutral,4
2221,184,25,happy,3
2223,184,25,fear,2
2225,184,24,happy,3
2226,184,46,happy,3
2227,184,34,sad,5
2228,184,28,happy,3
2229,184,31,neutral,4
2231,184,41,neutral,4
2235,123,32,neutral,4
2239,123,50,happy,3
2240,115,31,angry,0
2241,115,30,sad,5
2242,115,32,happy,3
2243,115,37,sad,5
2244,115,30,sad,5
2245,115,29,sad,5
2246,115,33,happy,3
2247,115,31,neutral,4
2249,115,30,happy,3
2250,115,26,fear,2
2260,181,33,angry,0
2262,181,30,sad,5
2264,181,38,neutral,4
2267,121,29,happy,3
2272,121,33,neutral,4
2276,125,35,sad,5
2278,125,31,happy,3
2280,125,27,happy,3
2281,125,29,sad,5
2282,125,29,happy,3
2285,169,34,sad,5
2286,169,31,happy,3
2287,169,33,happy,3
2288,169,31,neutral,4
2290,169,23,neutral,4
2291,169,32,neutral,4
2294,170,24,sad,5
2297,170,25,neutral,4
2298,170,28,happy,3
2310,326,31,happy,3
2311,326,35,happy,3
2312,326,33,happy,3
2313,326,35,happy,3
2314,326,33,happy,3
2315,326,32,happy,3
2316,326,29,happy,3
2317,326,32,happy,3
2318,326,32,happy,3
2319,326,33,happy,3
2320,326,32,happy,3
2321,326,33,happy,3
2322,326,33,happy,3
2324,179,26,neutral,4
2327,179,28,happy,3
2329,179,28,neutral,4
2331,179,28,neutral,4
2332,179,32,neutral,4
2334,281,36,happy,3
2357,386,43,happy,3
2358,386,36,happy,3
2359,386,43,happy,3
2363,51,31,happy,3
2365,51,40,sad,5
2367,563,28,happy,3
2368,563,30,happy,3
2369,563,28,neutral,4
2370,563,33,neutral,4
2371,563,32,neutral,4
2372,563,31,happy,3
2373,563,20,happy,3
2374,903,31,happy,3
2378,903,32,neutral,4
2433,408,34,neutral,4
2434,408,33,happy,3
2436,408,35,sad,5
2437,408,36,happy,3
2438,408,36,happy,3
2439,408,34,neutral,4
2440,408,37,happy,3
2441,408,33,happy,3
2442,408,40,happy,3
2443,408,38,happy,3
2444,408,35,happy,3
2445,408,35,happy,3
2446,408,37,happy,3
2447,408,35,happy,3
2449,408,36,happy,3
2450,408,35,happy,3
2459,536,25,neutral,4
2460,536,24,fear,2
2462,536,39,neutral,4
2463,536,32,sad,5
2465,536,38,happy,3
2466,536,35,happy,3
2467,536,42,fear,2
2468,536,44,happy,3
2471,536,40,happy,3
2472,536,36,happy,3
2473,536,36,happy,3
2474,536,33,happy,3
2475,534,23,neutral,4
2476,534,24,neutral,4
2477,534,31,happy,3
2478,534,24,happy,3
2479,534,23,happy,3
2481,534,25,neutral,4
2482,534,28,neutral,4
2483,534,27,neutral,4
2484,534,23,happy,3
2485,969,32,happy,3
2486,969,32,fear,2
2487,969,32,fear,2
2488,969,32,fear,2
2489,969,32,angry,0
2490,344,36,happy,3
2491,344,28,happy,3
2492,344,34,neutral,4
2493,344,33,happy,3
2494,344,33,happy,3
2496,344,37,happy,3
2497,344,37,happy,3
2498,344,40,happy,3
2499,344,34,happy,3
2500,344,42,sad,5
2501,344,33,happy,3
2502,344,35,happy,3
2504,552,31,happy,3
2505,552,33,neutral,4
2506,552,32,happy,3
2507,552,31,happy,3
2508,552,31,neutral,4
2550,930,26,neutral,4
2551,930,29,neutral,4
2552,930,24,happy,3
2554,930,31,neutral,4
2556,930,32,happy,3
2557,930,29,neutral,4
2558,930,31,happy,3
2559,802,25,neutral,4
2561,802,25,neutral,4
2562,802,22,neutral,4
2563,802,23,neutral,4
2566,802,24,fear,2
2567,802,23,neutral,4
2569,1113,23,neutral,4
2570,1113,23,happy,3
2572,1113,30,happy,3
2573,1113,28,neutral,4
2574,1113,22,neutral,4
2575,1113,29,happy,3
2576,1113,22,happy,3
2578,539,39,happy,3
2579,539,29,happy,3
2580,539,34,happy,3
2581,539,36,happy,3
2582,539,30,happy,3
2583,539,42,happy,3
2586,539,39,happy,3
2588,539,43,happy,3
2589,539,32,happy,3
2590,539,40,angry,0
2591,539,44,happy,3
2592,459,32,happy,3
2593,459,36,happy,3
2594,459,32,happy,3
2595,459,27,happy,3
2597,459,33,happy,3
2598,459,31,neutral,4
2599,459,35,disgust,1
2600,459,33,neutral,4
2601,459,33,happy,3
2602,459,32,happy,3
2604,459,27,happy,3
2605,459,32,neutral,4
2606,459,32,happy,3
2607,459,33,happy,3
2611,456,28,neutral,4
2612,456,34,happy,3
2613,456,40,neutral,4
2614,456,32,happy,3
2615,456,31,neutral,4
2616,456,30,happy,3
2617,456,30,neutral,4
2618,456,29,happy,3
2619,456,29,happy,3
2620,456,32,happy,3
2621,456,31,fear,2
2622,456,31,happy,3
2624,456,32,happy,3
2625,456,32,happy,3
2626,456,32,happy,3
2627,456,33,happy,3
2628,456,32,happy,3
2629,456,32,happy,3
2630,456,31,happy,3
2631,456,30,happy,3
2634,619,32,happy,3
2635,619,26,happy,3
2636,619,27,neutral,4
2637,619,26,neutral,4
2639,157,30,happy,3
2641,157,24,neutral,4
2642,157,33,happy,3
2644,156,38,fear,2
2645,156,38,neutral,4
2646,156,44,fear,2
2647,156,42,sad,5
2648,156,33,happy,3
2649,618,31,happy,3
2650,618,24,happy,3
2651,618,24,happy,3
2652,618,28,sad,5
2653,618,32,happy,3
2654,1004,40,neutral,4
2662,222,28,neutral,4
2663,222,34,happy,3
2664,59,36,happy,3
2670,208,25,happy,3
2676,816,34,happy,3
2677,816,31,happy,3
2678,816,39,happy,3
2679,816,32,happy,3
2680,816,33,happy,3
2685,413,34,happy,3
2768,887,24,happy,3
2769,887,25,happy,3
2770,887,26,neutral,4
2771,887,36,sad,5
2772,887,26,happy,3
2773,220,24,surprise,6
2778,1099,32,happy,3
2779,1099,31,happy,3
2780,1099,31,happy,3
2781,1099,28,fear,2
2782,1099,31,neutral,4
2785,880,38,happy,3
2788,880,42,happy,3
2790,494,26,sad,5
2791,494,33,happy,3
2792,494,32,happy,3
2793,494,27,neutral,4
2795,494,30,happy,3
2796,494,25,happy,3
2800,494,32,happy,3
2801,494,27,happy,3
2802,494,28,happy,3
2805,479,23,fear,2
2807,479,22,neutral,4
2810,596,29,neutral,4
2811,596,27,neutral,4
2813,596,30,neutral,4
2814,596,30,happy,3
2815,596,28,sad,5
2816,596,29,neutral,4
2830,508,33,happy,3
2831,508,31,happy,3
2834,1025,36,happy,3
2835,1025,30,happy,3
2836,1025,23,happy,3
2837,1025,33,happy,3
2838,1025,25,happy,3
2839,225,22,neutral,4
2841,225,25,neutral,4
2842,225,26,neutral,4
2843,225,22,angry,0
2844,139,36,neutral,4
2845,139,32,happy,3
2846,139,37,happy,3
2847,139,43,happy,3
2848,139,28,happy,3
2849,139,38,happy,3
2850,139,24,happy,3
2851,139,32,happy,3
2852,139,26,happy,3
2853,1101,23,happy,3
2858,1101,23,happy,3
2860,960,34,neutral,4
2864,960,25,happy,3
2865,960,35,happy,3
2866,960,28,happy,3
2867,960,38,angry,0
2868,960,29,sad,5
2869,960,24,happy,3
2870,960,23,happy,3
2893,717,31,happy,3
2894,717,43,happy,3
2896,483,25,neutral,4
2897,483,28,happy,3
2898,483,23,sad,5
2899,483,28,neutral,4
2900,483,29,happy,3
2903,549,37,happy,3
2906,448,25,neutral,4
2907,448,34,neutral,4
2908,448,31,happy,3
2909,448,30,neutral,4
2910,448,32,neutral,4
2911,1076,32,happy,3
2913,1076,30,neutral,4
2914,1076,30,happy,3
2915,1076,30,neutral,4
2916,1076,33,happy,3
2917,1076,31,happy,3
2918,469,24,fear,2
2921,469,24,sad,5
2922,469,30,happy,3
2939,1040,27,neutral,4
2977,1054,23,neutral,4
2978,1054,23,happy,3
2979,1054,23,happy,3
2980,1054,23,happy,3
2982,1058,29,happy,3
2984,1058,31,happy,3
2985,1058,26,happy,3
2987,1058,26,happy,3
2988,1058,29,happy,3
2989,1058,24,happy,3
2994,80,30,happy,3
2995,80,36,neutral,4
3001,80,45,happy,3
3002,80,32,sad,5
3008,80,36,happy,3
3010,1073,32,happy,3
3011,1073,30,happy,3
3012,1073,34,sad,5
3013,1073,32,happy,3
3015,1073,33,happy,3
3016,1073,33,happy,3
3018,1073,29,happy,3
3021,1073,32,happy,3
3022,1073,33,happy,3
3023,1073,31,happy,3
3026,893,24,neutral,4
3028,893,24,neutral,4
3029,893,23,happy,3
3030,893,27,neutral,4
3031,893,24,neutral,4
3032,474,32,happy,3
3033,474,26,neutral,4
3034,474,32,happy,3
3035,474,27,neutral,4
3036,474,28,happy,3
3037,474,26,happy,3
3038,474,27,neutral,4
3039,474,28,neutral,4
3040,268,24,happy,3
3043,268,25,neutral,4
3047,1108,37,angry,0
3049,1108,28,happy,3
3050,1108,40,happy,3
3052,757,25,happy,3
3053,757,25,sad,5
3054,757,25,happy,3
3055,757,25,happy,3
3056,757,31,happy,3
3057,757,23,angry,0
3059,757,31,neutral,4
3060,757,26,angry,0
3061,757,26,happy,3
3062,757,28,happy,3
3063,757,27,neutral,4
3064,757,25,neutral,4
3065,757,29,neutral,4
3066,757,24,neutral,4
3067,757,27,angry,0
3068,757,23,angry,0
3069,757,29,happy,3
3070,757,33,neutral,4
3071,757,28,happy,3
3072,757,24,happy,3
3073,757,29,happy,3
3074,757,28,angry,0
3075,757,26,neutral,4
3076,757,29,happy,3
3077,756,26,neutral,4
3078,756,23,neutral,4
3079,756,26,happy,3
3080,756,26,happy,3
3081,756,27,happy,3
3082,756,25,sad,5
3083,756,23,angry,0
3084,756,25,happy,3
3085,756,24,neutral,4
3086,756,24,neutral,4
3087,421,51,happy,3
3088,421,22,happy,3
3089,421,25,angry,0
3090,421,24,happy,3
3091,421,39,happy,3
3092,421,27,happy,3
3093,421,43,happy,3
3094,421,31,happy,3
3095,421,23,happy,3
3096,421,24,happy,3
3134,982,34,happy,3
3135,982,31,happy,3
3136,982,27,happy,3
3137,982,27,happy,3
3138,982,31,happy,3
3139,982,29,happy,3
3140,982,33,happy,3
3141,982,32,happy,3
3142,982,32,happy,3
3145,982,31,happy,3
3146,982,34,happy,3
3147,982,31,happy,3
3150,916,23,neutral,4
3151,916,23,neutral,4
3152,916,25,sad,5
3153,916,27,happy,3
3154,916,24,neutral,4
3155,916,25,happy,3
3156,916,25,sad,5
3157,916,26,happy,3
3158,916,24,neutral,4
3159,916,26,neutral,4
3160,916,22,happy,3
3161,916,26,happy,3
3162,916,26,neutral,4
3163,916,24,fear,2
3164,916,23,neutral,4
3166,916,25,neutral,4
3176,66,31,happy,3
3177,66,32,happy,3
3179,66,40,happy,3
3180,926,24,happy,3
3184,901,31,happy,3
3185,901,33,happy,3
3186,901,38,neutral,4
3187,901,31,happy,3
3188,901,40,happy,3
3189,901,44,happy,3
3190,901,34,happy,3
3191,901,39,happy,3
3192,901,43,happy,3
3194,1043,35,happy,3
3195,1043,42,neutral,4
3196,1043,38,happy,3
3197,1043,44,happy,3
3198,1043,35,happy,3
3199,1043,39,happy,3
3200,1043,37,happy,3
3202,870,28,neutral,4
3203,870,26,happy,3
3206,870,31,happy,3
3207,870,28,happy,3
3208,870,30,happy,3
3209,870,31,happy,3
3210,760,29,happy,3
3211,760,25,happy,3
3212,760,32,fear,2
3215,760,30,neutral,4
3217,760,33,happy,3
3218,666,25,neutral,4
3223,799,24,happy,3
3224,799,27,neutral,4
3225,799,22,happy,3
3226,799,23,neutral,4
3227,799,28,happy,3
3228,100,30,happy,3
3229,100,30,happy,3
3231,100,28,happy,3
3232,100,25,happy,3
3233,100,26,neutral,4
3234,100,26,happy,3
3236,100,31,happy,3
3237,100,27,happy,3
3238,100,32,happy,3
3239,100,32,happy,3
3240,100,24,happy,3
3241,100,30,happy,3
3242,100,30,happy,3
3243,100,26,happy,3
3244,100,27,happy,3
3252,103,32,happy,3
3253,103,36,happy,3
3254,103,35,happy,3
3255,103,36,happy,3
3256,103,36,happy,3
3258,103,35,happy,3
3259,103,30,happy,3
3260,103,35,sad,5
3261,103,36,sad,5
3262,103,33,happy,3
3263,103,34,happy,3
3264,103,34,happy,3
3265,103,32,happy,3
3266,103,33,happy,3
3267,103,32,fear,2
3268,103,26,neutral,4
3269,103,37,happy,3
3270,103,33,happy,3
3271,103,36,happy,3
3272,611,32,happy,3
3274,611,28,angry,0
3275,611,34,happy,3
3276,611,24,fear,2
3277,611,38,happy,3
3278,611,40,neutral,4
3279,611,25,happy,3
3280,611,38,happy,3
3281,611,35,angry,0
3282,611,31,happy,3
3283,611,28,neutral,4
3284,611,37,happy,3
3285,611,32,neutral,4
3286,611,31,happy,3
3287,611,41,fear,2
3288,611,27,happy,3
3289,611,31,happy,3
3290,611,30,happy,3
3291,611,28,sad,5
3292,611,31,sad,5
3293,611,26,happy,3
3295,611,31,happy,3
3296,611,35,happy,3
3306,399,37,happy,3
3307,399,40,happy,3
3308,399,25,happy,3
3309,399,37,happy,3
3310,399,37,happy,3
3311,399,48,happy,3
3312,399,52,happy,3
3313,399,22,happy,3
3314,399,25,happy,3
3315,399,34,happy,3
3330,287,38,neutral,4
3331,287,38,neutral,4
3332,287,36,happy,3
3333,287,43,happy,3
3334,287,50,neutral,4
3335,287,48,happy,3
3337,287,45,happy,3
3338,287,52,happy,3
3339,287,34,happy,3
3340,287,46,happy,3
3341,287,44,happy,3
3342,287,37,happy,3
3343,287,39,happy,3
3344,287,34,happy,3
3345,463,24,happy,3
3346,463,30,neutral,4
3347,463,29,neutral,4
3348,463,24,happy,3
3349,463,31,neutral,4
3350,463,33,neutral,4
3351,463,28,happy,3
3352,463,31,happy,3
3353,463,31,neutral,4
3354,463,25,happy,3
3356,463,27,angry,0
3358,463,30,happy,3
3359,463,28,neutral,4
3361,463,34,happy,3
3382,706,32,neutral,4
3383,706,30,happy,3
3384,706,32,neutral,4
3385,706,32,happy,3
3386,706,29,happy,3
3389,706,31,happy,3
3392,706,30,neutral,4
3393,706,31,happy,3
3396,706,33,neutral,4
3397,706,31,neutral,4
3399,706,31,neutral,4
3401,706,31,happy,3
3402,706,31,neutral,4
3403,706,31,happy,3
3404,706,31,neutral,4
3405,706,33,happy,3
3406,706,33,neutral,4
3407,706,34,happy,3
3408,706,33,happy,3
3409,706,31,happy,3
3410,706,31,sad,5
3411,706,32,neutral,4
3412,706,32,happy,3
3413,706,33,happy,3
3414,706,32,happy,3
3415,706,33,happy,3
3416,706,31,neutral,4
3417,706,32,happy,3
3419,706,32,neutral,4
3421,706,31,happy,3
3422,706,32,happy,3
3423,706,32,happy,3
3424,706,30,neutral,4
3425,706,32,happy,3
3426,706,31,neutral,4
3427,706,32,neutral,4
3428,706,32,happy,3
3434,236,29,happy,3
3435,236,29,happy,3
3436,236,29,sad,5
3437,236,31,happy,3
3438,236,31,neutral,4
3439,234,23,fear,2
3444,234,29,happy,3
3445,234,26,neutral,4
3447,572,27,happy,3
3448,572,30,neutral,4
3450,572,30,happy,3
3452,572,37,happy,3
3453,572,30,happy,3
3454,572,29,happy,3
3455,572,36,happy,3
3456,572,33,fear,2
3457,572,31,happy,3
3458,572,35,angry,0
3459,572,25,neutral,4
3460,572,30,happy,3
3461,572,30,happy,3
3462,572,24,neutral,4
3463,572,35,sad,5
3464,572,41,happy,3
3491,346,34,happy,3
3492,346,39,happy,3
3494,346,32,happy,3
3495,346,39,happy,3
3497,346,34,happy,3
3498,346,40,happy,3
3499,346,39,happy,3
3500,346,36,happy,3
3501,346,32,happy,3
3512,252,29,happy,3
3514,62,43,happy,3
3515,62,50,neutral,4
3516,62,39,happy,3
3517,62,39,happy,3
3518,62,43,happy,3
3519,62,43,happy,3
3520,62,44,happy,3
3521,62,38,sad,5
3522,62,47,sad,5
3523,62,43,neutral,4
3524,62,24,happy,3
3527,62,42,happy,3
3528,62,44,neutral,4
3529,62,28,happy,3
3530,62,39,happy,3
3543,53,34,happy,3
3546,954,25,happy,3
3551,967,31,happy,3
3552,967,28,happy,3
3553,967,32,neutral,4
3554,967,33,happy,3
3556,209,28,happy,3
3557,209,25,neutral,4
3558,209,27,angry,0
3561,562,32,neutral,4
3562,562,27,happy,3
3566,562,31,sad,5
3568,562,26,happy,3
3571,562,33,happy,3
3572,562,33,happy,3
3574,183,32,happy,3
3581,904,29,happy,3
3582,904,30,neutral,4
3590,904,30,happy,3
3591,258,23,happy,3
3592,258,24,neutral,4
3593,258,28,happy,3
3594,258,26,happy,3
3596,258,30,happy,3
3623,513,38,happy,3
3627,513,25,happy,3
3628,1032,41,happy,3
3630,1032,22,happy,3
3631,1032,30,happy,3
3632,1032,33,neutral,4
3633,862,55,neutral,4
3634,862,56,neutral,4
3635,862,42,neutral,4
3636,862,45,neutral,4
3637,862,37,angry,0
3639,862,50,fear,2
3640,862,28,sad,5
3641,862,51,sad,5
3642,862,41,sad,5
3643,704,29,angry,0
3644,704,25,fear,2
3647,704,27,neutral,4
3648,369,32,happy,3
3650,369,39,happy,3
3651,369,36,happy,3
3652,369,39,happy,3
3653,369,32,happy,3
3654,369,33,happy,3
3655,369,37,happy,3
3656,369,42,happy,3
3657,369,34,happy,3
3658,369,46,happy,3
3659,369,42,happy,3
3660,369,35,happy,3
3661,369,42,happy,3
3662,369,37,happy,3
3663,369,39,happy,3
3664,369,31,happy,3
3665,369,37,happy,3
3666,369,40,happy,3
3667,369,39,happy,3
3668,369,34,happy,3
3669,369,33,happy,3
3670,369,32,neutral,4
3671,369,43,happy,3
3672,369,33,happy,3
3673,367,32,happy,3
3674,367,35,happy,3
3675,367,34,happy,3
3676,367,29,happy,3
3677,367,33,happy,3
3678,367,33,happy,3
3679,367,32,happy,3
3680,367,32,happy,3
3681,367,33,happy,3
3682,367,34,happy,3
3683,367,34,happy,3
3684,367,31,happy,3
3685,367,33,happy,3
3686,367,27,happy,3
3687,367,34,happy,3
3688,367,33,happy,3
3692,599,33,sad,5
3694,599,37,happy,3
3695,599,46,angry,0
3697,599,39,neutral,4
3700,599,47,happy,3
3701,1023,31,angry,0
3702,1023,28,happy,3
3703,1023,27,happy,3
3704,1023,31,happy,3
3705,1023,25,happy,3
3706,1023,38,happy,3
3708,221,29,happy,3
3709,221,28,neutral,4
3713,1030,31,happy,3
3714,1030,30,happy,3
3715,1030,29,happy,3
3716,1030,33,happy,3
3717,1030,33,happy,3
3718,1030,31,happy,3
3719,1030,32,happy,3
3724,218,21,happy,3
3726,210,26,neutral,4
3727,210,26,surprise,6
3728,210,32,angry,0
3729,210,24,happy,3
3776,94,21,happy,3
3781,94,31,angry,0
3790,85,29,happy,3
3792,85,28,neutral,4
3793,85,29,neutral,4
3794,85,27,happy,3
3795,85,31,neutral,4
3801,136,31,happy,3
3803,136,31,happy,3
3805,136,29,happy,3
3808,349,34,happy,3
3810,349,34,happy,3
3811,349,35,happy,3
3821,976,26,happy,3
3822,240,21,neutral,4
3825,240,26,happy,3
3897,906,28,happy,3
3898,906,27,happy,3
3902,1017,23,happy,3
3903,1017,24,happy,3
3905,1017,26,happy,3
3906,1017,29,happy,3
3907,213,23,neutral,4
3908,213,39,happy,3
3909,213,36,happy,3
3910,213,21,happy,3
3911,213,39,happy,3
3912,214,33,neutral,4
3913,214,39,happy,3
3914,214,26,neutral,4
3916,214,23,angry,0
3955,1085,35,happy,3
3956,1085,23,happy,3
3957,1085,26,happy,3
3958,1085,26,happy,3
3959,1085,31,happy,3
3960,1085,29,happy,3
3961,1049,29,happy,3
3962,1049,35,happy,3
3963,1049,41,neutral,4
3964,1049,34,happy,3
3965,1049,32,happy,3
3968,358,31,happy,3
3969,358,26,happy,3
3970,358,31,happy,3
3971,359,31,happy,3
3972,359,27,neutral,4
3973,359,29,neutral,4
3974,359,29,happy,3
3975,359,27,happy,3
4013,461,30,happy,3
4014,461,24,happy,3
4016,461,31,happy,3
4017,461,32,neutral,4
4018,461,30,happy,3
4019,461,31,happy,3
4020,461,27,happy,3
4021,461,28,happy,3
4022,461,31,happy,3
4023,461,23,happy,3
4024,729,28,happy,3
4026,729,29,happy,3
4027,729,29,happy,3
4030,729,36,happy,3
4031,729,34,fear,2
4032,729,29,happy,3
4033,729,33,neutral,4
4034,729,32,happy,3
4035,729,43,neutral,4
4036,729,29,happy,3
4037,729,27,happy,3
4039,729,32,neutral,4
4040,729,28,angry,0
4041,729,28,happy,3
4042,729,40,happy,3
4043,729,35,happy,3
4044,732,25,angry,0
4045,732,23,happy,3
4046,732,33,happy,3
4047,732,27,happy,3
4048,732,28,happy,3
4049,732,24,happy,3
4051,732,24,neutral,4
4052,732,24,happy,3
4053,732,23,happy,3
4054,732,25,happy,3
4055,732,23,angry,0
4057,525,23,happy,3
4061,525,23,happy,3
4063,525,26,happy,3
4064,525,26,happy,3
4065,525,24,angry,0
4066,525,29,neutral,4
4067,525,23,happy,3
4068,525,33,happy,3
4069,525,44,neutral,4
4070,525,31,happy,3
4071,525,45,happy,3
4072,525,34,happy,3
4073,525,32,angry,0
4074,565,34,happy,3
4075,565,25,happy,3
4076,565,38,happy,3
4077,565,26,happy,3
4078,565,33,happy,3
4081,659,40,happy,3
4083,659,32,happy,3
4084,659,39,fear,2
4085,659,23,surprise,6
4089,425,40,neutral,4
4091,338,52,happy,3
4092,338,56,happy,3
4093,338,44,happy,3
4094,338,43,happy,3
4095,338,39,sad,5
4096,338,38,happy,3
4099,338,47,happy,3
4100,338,35,happy,3
4102,571,34,fear,2
4104,571,34,angry,0
4109,19,37,happy,3
4111,19,34,happy,3
4114,764,26,neutral,4
4116,764,28,happy,3
4118,764,28,neutral,4
4146,1020,29,sad,5
4148,1020,20,happy,3
4149,1020,21,happy,3
4153,601,38,neutral,4
4155,774,32,happy,3
4156,774,34,happy,3
4157,774,34,happy,3
4158,774,25,angry,0
4161,341,32,happy,3
4162,341,33,neutral,4
4163,341,39,fear,2
4164,341,43,happy,3
4165,341,32,neutral,4
4166,657,36,happy,3
4171,83,39,happy,3
4172,83,34,sad,5
4173,83,38,happy,3
4174,83,30,happy,3
4175,83,47,angry,0
4176,719,29,happy,3
4177,719,32,neutral,4
4180,719,30,happy,3
4181,724,33,happy,3
4183,724,37,happy,3
4184,724,33,happy,3
4185,724,33,happy,3
4187,865,26,happy,3
4190,865,25,happy,3
4191,679,30,happy,3
4192,679,35,happy,3
4193,679,31,happy,3
4194,679,28,happy,3
4196,679,32,happy,3
4197,679,28,neutral,4
4198,679,28,happy,3
4199,679,27,happy,3
4200,679,29,neutral,4
4206,362,47,happy,3
4208,362,33,happy,3
4211,440,28,happy,3
4212,440,28,happy,3
4213,440,32,happy,3
4214,440,36,happy,3
4215,440,27,neutral,4
4216,1105,35,happy,3
4217,1105,29,angry,0
4218,1105,48,angry,0
4219,1105,24,happy,3
4220,1105,43,happy,3
4221,1105,39,happy,3
4222,471,31,happy,3
4223,471,28,happy,3
4224,471,25,happy,3
4226,471,34,happy,3
4228,472,30,happy,3
4229,472,27,happy,3
4232,472,30,happy,3
4233,472,27,happy,3
4234,472,30,happy,3
4235,472,28,happy,3
4236,154,26,neutral,4
4237,154,24,happy,3
4238,154,23,neutral,4
4239,154,24,neutral,4
4240,154,29,neutral,4
4241,154,23,neutral,4
4243,154,30,neutral,4
4244,154,27,neutral,4
4245,154,24,happy,3
4247,154,24,sad,5
4248,154,25,neutral,4
4249,154,26,neutral,4
4250,158,28,happy,3
4251,158,34,neutral,4
4252,158,36,happy,3
4253,158,39,angry,0
4254,158,32,neutral,4
4255,158,30,happy,3
4256,158,26,happy,3
4257,158,31,happy,3
4258,158,30,happy,3
4259,158,34,happy,3
4260,158,32,happy,3
4261,158,30,happy,3
4262,158,31,happy,3
4263,158,27,happy,3
4264,158,29,happy,3
4265,158,32,happy,3
4266,158,27,happy,3
4267,158,26,happy,3
4268,158,35,happy,3
4269,158,26,happy,3
4270,158,37,happy,3
4271,158,37,happy,3
4272,158,30,happy,3
4281,158,27,happy,3
4297,90,30,neutral,4
4301,90,29,happy,3
4302,90,32,happy,3
4306,90,30,happy,3
4307,90,31,happy,3
4308,90,31,neutral,4
4309,90,32,happy,3
4310,90,32,happy,3
4311,90,34,happy,3
4312,90,32,happy,3
4313,90,32,happy,3
4314,90,35,happy,3
4315,90,32,happy,3
4316,90,32,happy,3
4317,90,32,happy,3
4318,90,33,happy,3
4319,90,32,neutral,4
4320,90,32,happy,3
4321,90,31,happy,3
4322,90,32,happy,3
4323,90,32,happy,3
4324,90,32,happy,3
4325,90,33,happy,3
4326,90,32,happy,3
4327,109,29,neutral,4
4328,109,29,happy,3
4329,109,29,neutral,4
4330,109,29,neutral,4
4331,109,26,neutral,4
4332,109,30,sad,5
4334,109,27,happy,3
4335,109,23,fear,2
4336,109,25,neutral,4
4337,109,30,neutral,4
4338,109,27,neutral,4
4339,109,30,neutral,4
4340,109,29,neutral,4
4341,109,31,happy,3
4342,109,28,happy,3
4343,109,28,angry,0
4345,305,22,neutral,4
4346,305,22,neutral,4
4348,305,21,neutral,4
4349,305,21,neutral,4
4352,46,55,happy,3
4353,46,43,happy,3
4356,46,56,happy,3
4357,488,25,happy,3
4358,488,32,happy,3
4359,488,35,happy,3
4360,488,35,happy,3
4361,488,32,happy,3
4362,488,29,angry,0
4363,488,33,happy,3
4364,488,33,happy,3
4365,488,31,happy,3
4366,488,30,happy,3
4367,488,31,happy,3
4368,488,33,happy,3
4369,488,29,happy,3
4370,488,23,neutral,4
4371,488,29,happy,3
4372,488,31,happy,3
4373,488,30,happy,3
4374,488,32,fear,2
4376,488,22,happy,3
4377,342,45,neutral,4
4379,342,32,neutral,4
4380,342,47,happy,3
4381,342,32,neutral,4
4383,342,39,happy,3
4384,342,39,happy,3
4386,639,35,neutral,4
4390,639,31,angry,0
4391,702,21,neutral,4
4392,702,31,neutral,4
4393,702,33,neutral,4
4394,702,32,neutral,4
4395,702,31,happy,3
4396,702,28,happy,3
4397,702,26,neutral,4
4398,702,30,happy,3
4399,702,25,neutral,4
4400,702,27,neutral,4
4401,702,25,happy,3
4402,702,25,happy,3
4403,686,24,happy,3
4404,686,23,neutral,4
4407,686,24,neutral,4
4409,625,28,neutral,4
4410,625,38,neutral,4
4411,625,33,angry,0
4412,625,32,neutral,4
4413,625,37,neutral,4
4414,625,33,neutral,4
4415,625,35,angry,0
4416,625,36,happy,3
4417,625,26,sad,5
4418,625,30,neutral,4
4419,625,33,happy,3
4421,625,35,happy,3
4422,625,41,happy,3
4423,625,34,happy,3
4424,625,42,angry,0
4440,853,25,happy,3
4443,853,28,happy,3
4444,853,23,fear,2
4445,955,24,happy,3
4446,955,30,happy,3
4447,955,25,happy,3
4448,955,26,happy,3
4449,955,26,neutral,4
4450,965,25,neutral,4
4451,965,25,happy,3
4452,965,30,happy,3
4453,965,31,neutral,4
4454,965,36,sad,5
4455,965,32,happy,3
4456,965,30,happy,3
4457,965,25,neutral,4
4458,965,31,happy,3
4459,566,33,happy,3
4460,566,34,happy,3
4461,566,33,happy,3
4462,566,33,happy,3
4463,566,33,happy,3
4464,256,23,happy,3
4466,256,27,happy,3
4467,256,30,happy,3
4468,256,24,happy,3
4545,243,23,neutral,4
4553,244,23,neutral,4
4554,244,29,angry,0
4555,244,29,neutral,4
4556,244,29,happy,3
4557,244,22,neutral,4
4558,244,29,neutral,4
4559,244,24,angry,0
4560,710,22,happy,3
4566,710,25,happy,3
4567,710,22,happy,3
4568,710,27,happy,3
4569,710,24,happy,3
4570,710,23,neutral,4
4571,710,24,neutral,4
4572,710,23,neutral,4
4573,710,21,happy,3
4574,710,23,happy,3
4575,710,22,happy,3
4576,710,24,happy,3
4577,710,22,happy,3
4584,581,27,happy,3
4587,581,34,happy,3
4594,581,29,angry,0
4595,581,24,happy,3
4596,581,26,happy,3
4597,581,26,happy,3
4598,581,25,happy,3
4599,581,24,happy,3
4600,581,25,happy,3
4601,581,24,happy,3
4602,581,31,neutral,4
4603,581,32,sad,5
4604,581,24,neutral,4
4685,783,27,happy,3
4686,783,26,sad,5
4689,783,23,neutral,4
4690,783,28,happy,3
4691,783,28,happy,3
4693,783,26,happy,3
4694,783,25,neutral,4
4697,783,27,happy,3
4698,783,27,happy,3
4699,783,28,happy,3
4700,783,24,happy,3
4701,783,30,happy,3
4703,783,25,neutral,4
4704,783,24,neutral,4
4705,783,27,neutral,4
4706,783,25,neutral,4
4707,783,28,sad,5
4710,968,22,happy,3
4716,1091,29,happy,3
4720,1091,28,happy,3
4726,929,30,happy,3
4728,929,32,happy,3
4729,929,25,happy,3
4730,929,42,happy,3
4731,929,33,happy,3
4855,900,42,happy,3
4856,900,25,neutral,4
4857,900,33,happy,3
4858,900,36,happy,3
4859,900,34,happy,3
4860,230,26,neutral,4
4861,230,31,happy,3
4862,230,32,neutral,4
4863,230,26,sad,5
4866,815,31,happy,3
4867,815,25,neutral,4
4869,815,32,neutral,4
4870,231,33,happy,3
4871,231,35,sad,5
4873,231,26,happy,3
4874,231,30,neutral,4
4875,1,31,happy,3
4876,1,31,neutral,4
4877,1,32,happy,3
4878,1,30,neutral,4
4879,1,28,happy,3
4880,1,29,neutral,4
4881,1,32,neutral,4
4882,1,33,happy,3
4883,4,33,happy,3
4884,4,33,happy,3
4885,4,33,happy,3
4886,4,28,angry,0
4887,4,29,happy,3
4888,4,31,happy,3
4889,4,34,happy,3
4890,13,40,happy,3
4891,13,30,happy,3
4892,13,30,happy,3
4893,13,45,happy,3
4894,13,43,neutral,4
4895,13,45,happy,3
4897,14,40,happy,3
4898,14,43,happy,3
4899,14,41,happy,3
4900,14,36,angry,0
4901,14,39,happy,3
4902,14,35,angry,0
4903,14,34,angry,0
4904,15,28,fear,2
4905,15,26,angry,0
4906,15,33,happy,3
4907,15,39,happy,3
4908,15,31,angry,0
4909,15,36,angry,0
4910,15,35,neutral,4
4911,15,41,neutral,4
4912,15,32,sad,5
4921,21,39,happy,3
4922,21,40,neutral,4
4923,21,37,neutral,4
4924,21,39,neutral,4
4925,21,42,sad,5
4926,21,44,surprise,6
4927,21,41,neutral,4
4928,21,39,neutral,4
4929,21,43,neutral,4
4930,21,36,neutral,4
4931,21,39,happy,3
4942,42,45,happy,3
4943,42,23,happy,3
4945,42,45,happy,3
4947,42,45,happy,3
4950,42,42,happy,3
4951,42,29,happy,3
4952,42,45,happy,3
4954,42,24,neutral,4
4955,42,31,happy,3
4956,50,38,neutral,4
4957,50,44,sad,5
4958,50,51,happy,3
4959,50,46,neutral,4
4960,50,45,fear,2
4969,57,39,happy,3
4970,57,33,happy,3
4971,57,37,happy,3
4972,57,41,happy,3
4973,57,39,happy,3
4974,57,25,happy,3
4976,60,32,neutral,4
4977,60,37,happy,3
4978,60,44,sad,5
4979,60,44,neutral,4
4980,61,44,fear,2
4981,61,28,happy,3
4982,61,35,happy,3
4983,61,33,neutral,4
4984,61,38,fear,2
4985,61,40,neutral,4
4986,61,34,happy,3
4987,61,28,happy,3
4988,61,33,happy,3
4989,61,34,neutral,4
4999,67,43,neutral,4
5001,67,40,happy,3
5002,67,39,happy,3
5003,67,42,happy,3
5004,67,35,neutral,4
5006,71,39,happy,3
5007,71,37,happy,3
5008,71,36,happy,3
5009,71,45,happy,3
5010,71,31,sad,5
5011,71,42,happy,3
5012,71,38,happy,3
5013,71,32,happy,3
5014,82,39,neutral,4
5015,82,37,happy,3
5016,82,45,happy,3
5017,82,37,happy,3
5018,82,33,fear,2
5019,82,47,fear,2
5020,82,48,sad,5
5021,82,44,happy,3
5022,82,41,sad,5
5023,82,38,happy,3
5024,84,26,happy,3
5025,84,33,happy,3
5026,84,42,happy,3
5027,84,26,happy,3
5028,84,31,angry,0
5029,84,24,surprise,6
5030,84,32,happy,3
5041,106,30,neutral,4
5042,106,29,neutral,4
5043,106,32,neutral,4
5044,106,30,neutral,4
5045,106,33,happy,3
5046,106,30,neutral,4
5047,107,32,happy,3
5048,107,32,happy,3
5049,107,31,happy,3
5050,107,25,happy,3
5051,107,33,happy,3
5052,107,29,neutral,4
5053,107,32,happy,3
5054,107,32,happy,3
5055,107,32,happy,3
5056,107,32,happy,3
5057,107,31,neutral,4
5058,124,34,happy,3
5059,124,46,happy,3
5060,124,44,happy,3
5061,124,42,happy,3
5062,124,34,happy,3
5071,151,34,happy,3
5072,151,23,neutral,4
5073,151,22,sad,5
5074,151,29,happy,3
5075,153,24,neutral,4
5076,153,21,happy,3
5077,153,24,happy,3
5078,153,23,happy,3
5079,153,24,neutral,4
5080,168,35,fear,2
5081,168,35,happy,3
5082,168,33,happy,3
5083,168,36,happy,3
5084,168,36,happy,3
5085,182,39,fear,2
5086,182,32,happy,3
5087,182,39,happy,3
5088,182,35,happy,3
5089,182,38,happy,3
5090,192,41,happy,3
5091,192,31,happy,3
5092,192,30,neutral,4
5093,192,36,neutral,4
5094,192,32,happy,3
5095,197,33,happy,3
5096,197,32,happy,3
5097,197,39,happy,3
5098,197,33,happy,3
5103,202,25,happy,3
5104,202,27,sad,5
5105,202,27,angry,0
5106,202,26,happy,3
5108,202,32,neutral,4
5109,202,31,happy,3
5110,202,21,neutral,4
5111,202,23,neutral,4
5112,202,25,neutral,4
5113,202,29,sad,5
5114,202,26,sad,5
5115,202,32,neutral,4
5116,202,27,neutral,4
5117,204,30,happy,3
5118,204,31,happy,3
5119,204,29,happy,3
5120,204,31,happy,3
5121,204,31,happy,3
5122,204,32,happy,3
5123,204,28,happy,3
5124,204,29,happy,3
5125,204,29,neutral,4
5126,204,26,happy,3
5127,204,30,happy,3
5128,204,26,neutral,4
5129,205,30,neutral,4
5130,205,25,happy,3
5131,205,24,happy,3
5132,224,26,happy,3
5133,224,26,happy,3
5134,224,33,happy,3
5135,224,22,neutral,4
5136,224,24,neutral,4
5144,277,27,neutral,4
5145,277,39,happy,3
5146,277,43,happy,3
5147,277,34,happy,3
5148,277,25,happy,3
5149,277,22,happy,3
5150,278,30,happy,3
5151,278,32,happy,3
5152,278,26,happy,3
5153,278,33,happy,3
5154,278,32,happy,3
5155,278,31,neutral,4
5156,278,33,happy,3
5157,278,28,happy,3
5158,278,32,happy,3
5159,278,31,happy,3
5160,278,32,happy,3
5161,289,28,happy,3
5162,289,39,happy,3
5163,289,37,happy,3
5164,289,35,happy,3
5165,289,22,happy,3
5166,289,35,happy,3
5167,289,40,happy,3
5168,295,30,happy,3
5169,295,25,happy,3
5170,295,24,happy,3
5171,295,30,neutral,4
5172,295,28,neutral,4
5173,295,31,neutral,4
5181,310,26,happy,3
5182,310,30,happy,3
5183,310,25,happy,3
5184,310,26,happy,3
5185,310,30,happy,3
5186,310,30,happy,3
5187,316,24,happy,3
5188,316,22,happy,3
5189,316,21,happy,3
5190,316,21,happy,3
5192,316,25,happy,3
5193,316,22,neutral,4
5194,334,33,happy,3
5195,334,34,happy,3
5196,334,33,happy,3
5197,334,36,happy,3
5198,334,31,happy,3
5199,334,34,happy,3
5200,334,37,happy,3
5201,334,30,happy,3
5202,334,31,happy,3
5203,334,33,happy,3
5204,334,32,happy,3
5205,334,33,happy,3
5206,334,31,happy,3
5207,334,36,happy,3
5208,334,50,sad,5
5209,348,32,happy,3
5210,348,33,happy,3
5211,348,31,happy,3
5212,348,34,happy,3
5213,348,32,happy,3
5214,348,34,happy,3
5215,348,33,neutral,4
5216,348,32,neutral,4
5217,348,32,happy,3
5218,348,31,happy,3
5219,348,32,happy,3
5220,348,34,happy,3
5221,353,32,sad,5
5222,353,39,happy,3
5223,353,36,sad,5
5224,353,43,happy,3
5225,353,41,happy,3
5226,353,27,happy,3
5227,355,27,happy,3
5228,355,26,happy,3
5229,355,28,angry,0
5230,355,36,neutral,4
5231,355,23,neutral,4
5232,355,26,happy,3
5233,355,34,neutral,4
5234,355,28,happy,3
5235,355,22,happy,3
5236,355,34,happy,3
5237,360,31,happy,3
5238,360,32,happy,3
5240,360,32,happy,3
5241,360,32,happy,3
5242,361,41,happy,3
5243,361,40,happy,3
5244,361,38,happy,3
5245,361,33,happy,3
5246,361,39,happy,3
5247,361,36,happy,3
5248,361,34,happy,3
5249,361,32,happy,3
5250,361,38,happy,3
5251,361,37,happy,3
5252,372,34,fear,2
5253,372,38,neutral,4
5254,372,32,neutral,4
5255,372,33,happy,3
5256,372,33,neutral,4
5257,372,41,happy,3
5258,372,32,happy,3
5259,372,28,neutral,4
5260,372,33,neutral,4
5261,372,31,happy,3
5262,372,32,happy,3
5263,380,34,happy,3
5264,380,40,happy,3
5265,380,32,happy,3
5266,380,39,happy,3
5268,380,31,happy,3
5269,380,42,sad,5
5276,382,39,happy,3
5277,382,34,happy,3
5278,382,36,happy,3
5279,382,33,neutral,4
5280,382,33,sad,5
5281,382,33,neutral,4
5282,382,37,happy,3
5283,382,38,sad,5
5284,382,29,angry,0
5285,382,39,sad,5
5286,383,39,happy,3
5287,383,31,happy,3
5288,383,37,happy,3
5289,383,45,happy,3
5290,383,46,happy,3
5291,383,32,happy,3
5292,383,45,happy,3
5293,383,38,happy,3
5294,385,33,happy,3
5295,385,37,happy,3
5296,385,38,happy,3
5297,385,41,happy,3
5298,385,38,happy,3
5299,385,45,happy,3
5300,385,46,happy,3
5301,387,39,sad,5
5302,387,45,fear,2
5303,387,41,happy,3
5304,387,47,happy,3
5305,388,29,happy,3
5306,388,36,happy,3
5307,388,40,fear,2
5308,388,35,happy,3
5309,388,33,neutral,4
5310,388,30,happy,3
5311,389,40,happy,3
5312,389,37,neutral,4
5313,389,35,happy,3
5314,389,42,sad,5
5315,389,38,sad,5
5316,389,35,happy,3
5317,389,35,happy,3
5318,389,44,happy,3
5319,389,41,happy,3
5320,389,36,happy,3
5321,389,37,happy,3
5322,389,33,happy,3
5323,390,27,sad,5
5324,390,29,neutral,4
5325,390,27,sad,5
5326,390,32,sad,5
5327,391,36,happy,3
5328,391,39,happy,3
5329,391,31,happy,3
5330,391,39,happy,3
5331,391,42,happy,3
5345,407,34,happy,3
5346,407,34,happy,3
5347,407,33,happy,3
5348,407,33,happy,3
5349,407,33,happy,3
5350,407,33,happy,3
5351,407,40,happy,3
5352,407,35,neutral,4
5353,414,40,happy,3
5354,414,34,happy,3
5355,414,40,happy,3
5356,414,38,happy,3
5357,414,37,happy,3
5375,426,32,happy,3
5376,426,27,happy,3
5377,426,33,happy,3
5378,426,34,happy,3
5379,426,27,neutral,4
5380,426,28,neutral,4
5381,426,43,happy,3
5382,426,39,happy,3
5383,426,33,happy,3
5384,426,29,happy,3
5385,426,36,neutral,4
5386,426,29,happy,3
5387,427,38,happy,3
5388,427,34,happy,3
5389,427,33,happy,3
5390,427,32,happy,3
5391,427,31,happy,3
5392,427,33,happy,3
5393,427,34,happy,3
5394,427,39,happy,3
5395,427,34,happy,3
5396,427,36,happy,3
5397,427,39,happy,3
5398,427,40,happy,3
5399,427,37,happy,3
5400,427,34,happy,3
5401,428,32,sad,5
5402,428,32,neutral,4
5403,428,36,sad,5
5404,428,33,sad,5
5405,428,30,sad,5
5406,428,31,neutral,4
5407,428,33,neutral,4
5408,428,34,happy,3
5409,428,42,happy,3
5410,428,37,happy,3
5411,428,33,happy,3
5419,429,47,happy,3
5420,429,42,happy,3
5421,429,43,happy,3
5422,429,27,happy,3
5423,429,35,happy,3
5425,429,38,happy,3
5426,429,27,happy,3
5427,429,41,happy,3
5428,429,41,happy,3
5429,429,30,happy,3
5430,429,47,happy,3
5433,429,48,happy,3
5437,429,30,happy,3
5438,429,32,happy,3
5444,429,39,happy,3
5455,475,37,happy,3
5456,475,42,happy,3
5457,475,39,happy,3
5458,475,42,happy,3
5459,475,43,happy,3
5460,475,36,neutral,4
5461,475,41,happy,3
5462,475,34,happy,3
5463,475,42,happy,3
5464,476,30,happy,3
5465,476,30,happy,3
5466,476,34,happy,3
5467,476,34,neutral,4
5468,476,30,happy,3
5469,476,34,neutral,4
5470,476,33,neutral,4
5471,476,34,neutral,4
5472,476,35,happy,3
5473,497,33,happy,3
5474,497,32,neutral,4
5475,497,33,neutral,4
5476,497,40,happy,3
5477,497,27,neutral,4
5478,497,31,happy,3
5480,497,36,happy,3
5504,506,32,happy,3
5505,506,33,neutral,4
5506,506,30,happy,3
5507,506,32,happy,3
5508,506,32,sad,5
5509,506,32,happy,3
5510,506,27,happy,3
5511,506,29,happy,3
5512,506,31,happy,3
5513,506,30,happy,3
5514,507,34,happy,3
5516,507,32,happy,3
5517,507,34,happy,3
5518,507,33,happy,3
5519,507,32,happy,3
5520,510,27,neutral,4
5521,510,32,neutral,4
5522,510,34,happy,3
5523,510,25,sad,5
5524,510,32,happy,3
5533,512,28,happy,3
5534,512,25,happy,3
5535,512,28,happy,3
5536,512,28,happy,3
5537,512,25,happy,3
5538,512,23,happy,3
5539,512,30,happy,3
5540,512,24,happy,3
5542,515,36,happy,3
5543,515,39,neutral,4
5544,515,33,happy,3
5545,515,49,happy,3
5546,515,31,happy,3
5547,515,38,fear,2
5548,515,40,happy,3
5549,515,45,happy,3
5550,515,26,happy,3
5551,515,33,neutral,4
5552,516,45,neutral,4
5553,516,47,angry,0
5554,516,43,happy,3
5555,516,41,happy,3
5556,516,47,happy,3
5557,516,46,neutral,4
5558,516,46,neutral,4
5559,516,45,neutral,4
5567,520,41,happy,3
5568,520,37,happy,3
5569,520,34,sad,5
5570,520,37,happy,3
5571,520,40,neutral,4
5572,520,39,happy,3
5573,520,45,happy,3
5574,520,33,happy,3
5575,520,37,happy,3
5576,520,28,neutral,4
5577,520,28,neutral,4
5578,520,39,happy,3
5579,523,28,neutral,4
5580,523,33,happy,3
5581,523,28,fear,2
5582,523,30,neutral,4
5583,523,32,happy,3
5584,523,32,neutral,4
5585,523,30,sad,5
5586,523,31,neutral,4
5587,532,33,happy,3
5588,532,38,happy,3
5589,532,41,happy,3
5590,532,41,happy,3
5591,532,45,happy,3
5592,532,38,happy,3
5593,532,46,happy,3
5594,532,38,happy,3
5595,532,36,neutral,4
5596,532,46,happy,3
5597,532,40,happy,3
5598,532,39,happy,3
5599,532,47,happy,3
5600,538,27,happy,3
5601,538,40,surprise,6
5602,538,39,happy,3
5603,538,36,happy,3
5604,538,32,happy,3
5605,543,44,happy,3
5606,543,48,fear,2
5607,543,44,sad,5
5608,543,34,neutral,4
5609,543,47,neutral,4
5610,543,34,surprise,6
5611,543,39,angry,0
5612,543,48,sad,5
5623,545,21,neutral,4
5624,545,31,neutral,4
5625,545,27,neutral,4
5626,545,23,neutral,4
5627,545,26,neutral,4
5628,545,25,happy,3
5629,545,24,neutral,4
5630,545,30,neutral,4
5631,545,25,neutral,4
5632,545,22,neutral,4
5633,546,33,fear,2
5634,546,51,neutral,4
5635,546,39,happy,3
5636,546,37,happy,3
5637,546,45,happy,3
5638,546,47,sad,5
5639,546,44,sad,5
5640,546,45,happy,3
5648,558,37,angry,0
5649,558,36,happy,3
5650,558,33,happy,3
5651,558,32,happy,3
5652,558,37,happy,3
5653,558,33,happy,3
5654,558,34,happy,3
5655,558,33,happy,3
5656,559,32,happy,3
5657,559,40,happy,3
5659,559,42,happy,3
5660,559,39,happy,3
5661,559,35,sad,5
5675,567,27,happy,3
5676,567,34,happy,3
5677,567,39,happy,3
5678,567,38,happy,3
5679,569,31,happy,3
5680,569,32,happy,3
5681,569,37,neutral,4
5682,569,34,happy,3
5683,569,38,happy,3
5684,576,26,happy,3
5685,576,33,angry,0
5686,576,33,happy,3
5687,576,23,happy,3
5688,576,34,happy,3
5689,576,26,happy,3
5690,576,28,happy,3
5691,576,31,happy,3
5692,576,39,happy,3
5693,576,28,happy,3
5694,579,29,fear,2
5695,579,32,angry,0
5696,579,25,neutral,4
5697,579,33,sad,5
5698,579,25,sad,5
5699,579,28,neutral,4
5700,579,26,neutral,4
5701,579,27,neutral,4
5702,579,27,sad,5
5703,579,31,sad,5
5704,579,26,neutral,4
5705,579,31,happy,3
5706,579,26,neutral,4
5707,579,26,happy,3
5708,579,28,sad,5
5709,579,25,happy,3
5710,580,32,happy,3
5711,580,24,happy,3
5712,580,25,neutral,4
5713,580,30,happy,3
5714,580,25,happy,3
5715,580,44,happy,3
5716,580,24,happy,3
5717,580,24,happy,3
5718,580,24,happy,3
5719,580,23,happy,3
5720,580,23,happy,3
5721,580,31,angry,0
5722,580,28,happy,3
5723,580,25,happy,3
5724,580,23,happy,3
5739,587,25,happy,3
5740,587,26,neutral,4
5741,587,26,happy,3
5742,587,28,happy,3
5743,587,31,fear,2
5744,587,39,happy,3
5745,587,29,happy,3
5746,587,35,happy,3
5747,587,34,happy,3
5748,587,25,happy,3
5749,587,29,happy,3
5750,588,24,neutral,4
5751,588,24,neutral,4
5752,588,23,neutral,4
5753,588,33,happy,3
5754,588,23,neutral,4
5755,588,29,happy,3
5756,588,27,neutral,4
5757,588,23,happy,3
5758,588,27,neutral,4
5759,588,31,happy,3
5760,588,27,happy,3
5761,588,26,neutral,4
5762,588,30,happy,3
5775,598,25,neutral,4
5776,598,21,happy,3
5777,598,27,neutral,4
5778,598,25,neutral,4
5779,598,23,happy,3
5780,598,28,neutral,4
5781,598,24,neutral,4
5787,608,34,happy,3
5788,608,39,happy,3
5789,608,33,neutral,4
5790,608,37,neutral,4
5791,608,36,happy,3
5792,608,33,happy,3
5793,608,33,happy,3
5794,608,35,happy,3
5795,609,32,happy,3
5796,609,31,happy,3
5797,609,33,happy,3
5798,609,32,happy,3
5800,609,35,happy,3
5801,609,30,happy,3
5802,609,25,neutral,4
5803,609,29,happy,3
5804,617,26,neutral,4
5805,617,37,sad,5
5806,617,43,happy,3
5807,617,38,neutral,4
5808,617,35,happy,3
5809,617,30,happy,3
5810,617,49,happy,3
5811,617,48,happy,3
5820,623,32,happy,3
5821,623,27,neutral,4
5822,623,23,neutral,4
5823,623,22,neutral,4
5824,623,21,neutral,4
5825,623,29,neutral,4
5826,623,21,neutral,4
5827,623,22,neutral,4
5828,623,26,happy,3
5838,627,24,happy,3
5839,627,25,happy,3
5840,627,24,neutral,4
5841,627,28,neutral,4
5842,627,25,neutral,4
5843,627,23,neutral,4
5844,627,25,happy,3
5845,627,31,neutral,4
5846,627,27,happy,3
5847,627,34,neutral,4
5848,627,26,happy,3
5856,629,33,neutral,4
5858,630,31,neutral,4
5859,630,31,happy,3
5860,630,38,sad,5
5861,630,34,neutral,4
5862,630,37,neutral,4
5864,630,34,neutral,4
5865,630,40,neutral,4
5866,630,34,happy,3
5867,631,29,happy,3
5868,631,23,happy,3
5869,631,33,neutral,4
5870,631,35,sad,5
5871,631,23,happy,3
5877,637,39,neutral,4
5879,637,43,fear,2
5880,637,42,neutral,4
5881,637,45,angry,0
5882,643,31,happy,3
5883,643,27,neutral,4
5884,643,34,happy,3
5885,643,28,happy,3
5886,643,27,happy,3
5887,643,36,happy,3
5888,643,28,happy,3
5889,643,33,happy,3
5890,644,37,happy,3
5892,644,35,happy,3
5893,644,32,neutral,4
5894,644,32,sad,5
5895,644,33,happy,3
5896,644,33,happy,3
5897,645,34,happy,3
5901,645,39,happy,3
5902,645,30,happy,3
5906,645,36,happy,3
5918,656,34,happy,3
5919,656,32,happy,3
5920,656,33,neutral,4
5921,656,33,happy,3
5922,656,34,happy,3
5923,656,32,happy,3
5924,656,33,happy,3
5926,660,39,happy,3
5927,660,38,happy,3
5928,660,33,happy,3
5929,660,34,happy,3
5930,663,23,happy,3
5931,663,24,neutral,4
5932,663,29,happy,3
5933,663,28,happy,3
5934,663,25,happy,3
5935,663,25,happy,3
5936,663,27,happy,3
5937,663,27,happy,3
5938,663,28,neutral,4
5939,663,29,happy,3
5940,663,24,happy,3
5941,663,27,happy,3
5942,663,28,happy,3
5943,668,23,fear,2
5944,668,25,happy,3
5945,668,33,happy,3
5946,668,29,neutral,4
5947,668,24,happy,3
5948,668,26,happy,3
5949,668,24,happy,3
5950,668,29,happy,3
5951,668,33,happy,3
5952,668,29,happy,3
5953,668,29,happy,3
5954,670,31,happy,3
5955,670,31,happy,3
5956,670,31,happy,3
5957,670,31,happy,3
5958,670,31,happy,3
5959,670,31,happy,3
5960,670,33,happy,3
5961,670,31,happy,3
5962,670,32,happy,3
5963,670,32,happy,3
5964,674,35,happy,3
5965,674,39,happy,3
5966,674,25,happy,3
5967,674,32,happy,3
5968,674,39,fear,2
5969,674,26,happy,3
5970,674,33,happy,3
5971,678,30,happy,3
5972,678,31,neutral,4
5973,678,29,sad,5
5974,678,32,happy,3
5975,678,32,happy,3
5976,678,30,happy,3
5977,678,32,neutral,4
5978,678,32,happy,3
5979,678,32,happy,3
5980,678,29,happy,3
5981,678,31,neutral,4
5982,678,30,happy,3
5983,681,27,neutral,4
5984,681,31,happy,3
5985,681,23,fear,2
5986,681,31,neutral,4
5987,681,32,happy,3
5988,681,32,happy,3
5989,681,32,happy,3
5990,681,30,happy,3
5991,681,31,happy,3
5992,681,28,happy,3
5993,681,29,neutral,4
5994,684,28,happy,3
5995,684,28,happy,3
5996,684,27,happy,3
5997,684,27,neutral,4
5998,684,32,happy,3
5999,684,26,happy,3
6000,684,31,neutral,4
6001,684,27,happy,3
6002,684,33,happy,3
6003,684,32,happy,3
6004,684,27,happy,3
6005,684,27,angry,0
6006,684,25,happy,3
6007,687,34,happy,3
6008,687,36,happy,3
6009,687,44,happy,3
6010,687,45,angry,0
6011,687,35,neutral,4
6012,687,31,angry,0
6013,690,40,happy,3
6014,690,32,happy,3
6015,690,34,happy,3
6016,690,37,happy,3
6017,693,29,neutral,4
6018,693,23,happy,3
6019,693,23,neutral,4
6020,693,30,happy,3
6021,693,24,neutral,4
6022,693,24,happy,3
6023,693,28,happy,3
6024,693,28,neutral,4
6025,694,31,angry,0
6026,694,28,fear,2
6027,694,25,neutral,4
6028,694,25,happy,3
6029,694,22,neutral,4
6030,694,21,neutral,4
6031,694,26,surprise,6
6032,696,26,neutral,4
6033,696,30,neutral,4
6034,696,26,happy,3
6035,696,29,happy,3
6036,696,26,neutral,4
6037,696,28,neutral,4
6038,696,22,neutral,4
6039,696,29,neutral,4
6040,696,25,neutral,4
6041,696,30,neutral,4
6042,696,28,neutral,4
6043,696,24,neutral,4
6044,700,26,happy,3
6045,700,29,neutral,4
6046,700,25,neutral,4
6047,700,29,angry,0
6048,700,30,neutral,4
6049,700,26,neutral,4
6050,700,28,fear,2
6051,700,25,neutral,4
6052,700,26,happy,3
6053,701,28,happy,3
6054,701,27,happy,3
6055,701,22,angry,0
6056,701,25,happy,3
6057,701,31,happy,3
6058,701,25,angry,0
6059,701,29,happy,3
6060,701,29,happy,3
6061,701,21,neutral,4
6062,701,29,happy,3
6063,701,30,happy,3
6064,701,27,neutral,4
6088,715,44,happy,3
6089,715,46,happy,3
6090,715,36,happy,3
6091,715,35,happy,3
6092,715,36,happy,3
6093,715,43,happy,3
6094,715,38,happy,3
6095,722,27,happy,3
6096,722,26,fear,2
6097,722,28,happy,3
6098,722,40,happy,3
6099,722,24,happy,3
6100,722,26,happy,3
6101,722,23,happy,3
6102,722,29,happy,3
6103,722,26,happy,3
6104,722,33,happy,3
6105,722,25,happy,3
6107,726,35,happy,3
6108,726,32,neutral,4
6109,726,32,happy,3
6110,726,32,happy,3
6111,726,31,happy,3
6134,737,29,happy,3
6135,737,30,happy,3
6136,737,25,happy,3
6137,737,32,fear,2
6138,737,30,happy,3
6139,737,27,happy,3
6140,737,30,happy,3
6141,740,22,happy,3
6142,740,22,happy,3
6143,740,26,happy,3
6144,740,22,neutral,4
6145,740,22,happy,3
6146,740,23,happy,3
6147,740,23,happy,3
6148,747,39,happy,3
6149,747,33,angry,0
6150,747,33,sad,5
6151,747,39,happy,3
6152,747,37,happy,3
6153,748,42,happy,3
6154,748,45,happy,3
6155,748,30,neutral,4
6156,748,47,sad,5
6157,748,38,fear,2
6158,754,30,neutral,4
6159,754,33,happy,3
6160,754,31,neutral,4
6161,754,32,neutral,4
6162,754,28,neutral,4
6163,754,31,happy,3
6165,754,32,neutral,4
6166,754,29,neutral,4
6167,754,31,happy,3
6168,754,32,happy,3
6169,758,28,happy,3
6170,758,24,happy,3
6171,758,32,sad,5
6172,758,27,happy,3
6173,758,31,neutral,4
6174,758,27,happy,3
6175,758,27,happy,3
6176,761,27,happy,3
6177,761,30,happy,3
6178,761,29,happy,3
6179,761,29,happy,3
6180,761,29,neutral,4
6181,761,30,neutral,4
6182,761,30,happy,3
6183,761,28,happy,3
6184,761,29,happy,3
6185,761,31,happy,3
6186,765,31,neutral,4
6187,765,23,angry,0
6188,765,28,neutral,4
6189,765,25,neutral,4
6190,765,29,neutral,4
6191,765,32,neutral,4
6192,765,28,neutral,4
6193,771,48,sad,5
6194,771,31,fear,2
6195,771,50,happy,3
6196,771,31,neutral,4
6197,771,35,angry,0
6198,772,45,happy,3
6199,772,53,sad,5
6200,772,44,happy,3
6201,772,49,neutral,4
6202,772,45,happy,3
6203,772,50,happy,3
6204,777,32,happy,3
6207,777,33,happy,3
6208,777,29,happy,3
6209,777,32,angry,0
6211,777,30,happy,3
6218,785,32,neutral,4
6219,785,33,happy,3
6220,785,32,happy,3
6221,785,32,neutral,4
6222,785,31,neutral,4
6223,785,31,neutral,4
6224,785,31,neutral,4
6225,785,29,happy,3
6226,785,32,neutral,4
6227,785,32,neutral,4
6228,785,31,neutral,4
6229,785,31,happy,3
6239,803,22,angry,0
6240,803,22,neutral,4
6241,803,25,happy,3
6242,803,25,neutral,4
6243,803,25,happy,3
6244,803,25,happy,3
6245,803,27,happy,3
6246,803,24,happy,3
6247,803,23,neutral,4
6248,803,25,neutral,4
6249,803,27,neutral,4
6250,803,29,happy,3
6251,803,25,angry,0
6252,803,27,happy,3
6253,807,30,happy,3
6254,807,32,surprise,6
6255,807,30,happy,3
6256,807,30,happy,3
6257,807,32,happy,3
6258,807,31,happy,3
6259,807,31,happy,3
6260,807,33,happy,3
6264,808,30,happy,3
6267,808,32,happy,3
6268,824,39,happy,3
6269,824,37,happy,3
6270,824,37,angry,0
6271,824,39,angry,0
6272,824,45,fear,2
6273,824,42,happy,3
6274,825,34,happy,3
6275,825,38,happy,3
6276,825,38,happy,3
6277,825,43,angry,0
6278,825,31,happy,3
6279,825,39,happy,3
6280,825,40,happy,3
6281,825,43,neutral,4
6282,825,34,happy,3
6283,825,37,surprise,6
6284,825,33,happy,3
6285,825,35,sad,5
6294,829,30,happy,3
6295,829,27,happy,3
6296,829,32,happy,3
6297,829,36,happy,3
6298,840,28,happy,3
6299,840,28,happy,3
6300,840,28,happy,3
6301,840,30,happy,3
6302,840,31,happy,3
6303,840,30,happy,3
6304,840,28,happy,3
6305,840,30,happy,3
6306,840,31,happy,3
6307,840,28,happy,3
6308,840,23,happy,3
6309,840,31,happy,3
6310,840,29,happy,3
6320,846,28,happy,3
6321,846,24,happy,3
6322,846,24,neutral,4
6323,846,23,neutral,4
6324,846,28,happy,3
6325,846,24,neutral,4
6326,846,24,happy,3
6327,846,31,neutral,4
6328,846,29,happy,3
6329,846,32,neutral,4
6330,847,35,happy,3
6331,847,35,happy,3
6332,847,46,neutral,4
6333,847,45,happy,3
6334,847,33,neutral,4
6335,848,44,happy,3
6336,848,32,neutral,4
6337,848,35,neutral,4
6338,848,47,happy,3
6339,848,28,happy,3
6368,864,28,happy,3
6369,864,28,neutral,4
6370,864,27,neutral,4
6371,864,30,neutral,4
6372,864,31,happy,3
6374,864,30,sad,5
6375,864,30,happy,3
6376,864,30,happy,3
6377,864,32,neutral,4
6378,864,31,happy,3
6379,871,22,happy,3
6380,871,29,neutral,4
6381,871,29,neutral,4
6382,871,28,fear,2
6383,871,27,happy,3
6384,871,28,neutral,4
6385,871,29,happy,3
6386,871,26,happy,3
6387,871,28,happy,3
6388,871,27,happy,3
6424,876,24,sad,5
6427,876,32,sad,5
6430,876,30,sad,5
6431,883,43,happy,3
6432,883,36,sad,5
6433,883,38,happy,3
6434,883,33,neutral,4
6435,883,34,sad,5
6436,883,48,sad,5
6437,883,34,happy,3
6438,886,32,sad,5
6439,886,35,angry,0
6440,886,33,angry,0
6441,886,35,fear,2
6442,886,24,neutral,4
6443,886,25,fear,2
6444,886,27,sad,5
6445,886,34,neutral,4
6446,886,31,sad,5
6447,891,33,happy,3
6448,891,33,happy,3
6449,891,32,neutral,4
6450,891,32,neutral,4
6451,891,32,happy,3
6452,891,32,sad,5
6453,891,32,neutral,4
6454,891,32,fear,2
6455,894,34,happy,3
6456,894,46,happy,3
6457,894,35,happy,3
6458,894,37,happy,3
6459,894,26,happy,3
6469,896,50,happy,3
6470,896,50,happy,3
6471,896,43,happy,3
6472,896,44,happy,3
6473,898,43,fear,2
6474,898,46,angry,0
6475,898,44,happy,3
6476,898,40,neutral,4
6477,898,37,neutral,4
6478,898,41,happy,3
6479,898,36,neutral,4
6480,899,32,happy,3
6481,899,35,neutral,4
6482,899,35,neutral,4
6483,899,30,happy,3
6484,899,35,neutral,4
6485,899,33,neutral,4
6486,899,31,neutral,4
6487,899,37,sad,5
6488,899,34,neutral,4
6489,907,24,neutral,4
6490,907,22,angry,0
6491,907,26,angry,0
6492,907,30,happy,3
6493,907,22,happy,3
6494,907,25,happy,3
6495,907,23,happy,3
6496,907,27,happy,3
6497,907,23,happy,3
6498,909,33,neutral,4
6500,909,32,happy,3
6501,909,32,happy,3
6503,910,31,neutral,4
6504,910,31,sad,5
6505,910,32,neutral,4
6506,910,31,angry,0
6507,910,33,neutral,4
6508,910,31,neutral,4
6509,910,30,neutral,4
6510,910,31,happy,3
6511,910,30,happy,3
6512,910,26,happy,3
6513,910,32,happy,3
6514,910,32,neutral,4
6515,911,22,sad,5
6516,911,27,neutral,4
6517,911,22,sad,5
6518,911,25,neutral,4
6519,911,23,neutral,4
6520,911,26,neutral,4
6527,915,44,neutral,4
6528,915,25,happy,3
6529,915,26,neutral,4
6530,915,43,angry,0
6531,915,28,happy,3
6532,915,27,happy,3
6533,915,37,fear,2
6534,915,25,happy,3
6535,915,45,happy,3
6536,915,23,happy,3
6537,915,45,sad,5
6555,940,46,happy,3
6556,940,37,sad,5
6557,940,27,happy,3
6558,940,50,fear,2
6559,940,48,happy,3
6560,940,43,happy,3
6563,940,47,happy,3
6564,940,44,fear,2
6565,940,46,neutral,4
6566,940,49,happy,3
6567,940,48,sad,5
6568,940,41,happy,3
6569,940,43,happy,3
6570,940,49,fear,2
6571,940,45,happy,3
6572,940,54,happy,3
6573,940,51,happy,3
6574,940,46,fear,2
6575,945,31,happy,3
6576,945,32,happy,3
6577,945,32,happy,3
6578,945,32,happy,3
6579,945,32,happy,3
6580,945,33,happy,3
6581,945,33,happy,3
6582,945,31,happy,3
6583,945,31,happy,3
6584,945,31,happy,3
6585,945,31,happy,3
6586,945,29,happy,3
6587,946,30,happy,3
6588,946,31,happy,3
6589,946,31,happy,3
6590,946,30,happy,3
6591,946,32,neutral,4
6592,946,29,happy,3
6593,946,24,neutral,4
6594,946,30,happy,3
6595,946,32,neutral,4
6596,946,33,happy,3
6597,946,31,happy,3
6598,947,28,sad,5
6599,947,28,neutral,4
6600,947,29,happy,3
6601,947,30,happy,3
6602,947,29,neutral,4
6603,947,26,neutral,4
6604,947,25,happy,3
6605,947,30,neutral,4
6606,947,27,neutral,4
6607,947,30,fear,2
6616,956,26,neutral,4
6619,956,29,happy,3
6621,956,34,neutral,4
6622,956,35,happy,3
6623,956,42,happy,3
6624,956,35,neutral,4
6625,962,32,happy,3
6626,962,35,sad,5
6627,962,32,happy,3
6628,962,42,happy,3
6629,962,31,happy,3
6630,962,42,happy,3
6631,963,43,fear,2
6632,963,51,happy,3
6633,963,48,neutral,4
6634,963,47,happy,3
6635,963,36,fear,2
6636,963,50,happy,3
6637,963,49,neutral,4
6638,964,39,neutral,4
6639,964,44,happy,3
6640,964,37,happy,3
6641,964,31,happy,3
6642,964,48,happy,3
6643,964,40,sad,5
6644,964,28,happy,3
6645,964,42,happy,3
6646,964,32,angry,0
6647,966,27,happy,3
6648,966,31,happy,3
6649,966,25,neutral,4
6650,966,24,happy,3
6651,966,23,happy,3
6652,966,32,neutral,4
6653,966,25,neutral,4
6654,966,28,angry,0
6655,966,23,neutral,4
6656,966,26,happy,3
6657,966,28,happy,3
6658,966,29,happy,3
6659,966,27,happy,3
6660,970,24,happy,3
6661,970,24,happy,3
6662,970,23,neutral,4
6663,970,22,neutral,4
6664,970,23,happy,3
6665,970,26,happy,3
6666,970,28,happy,3
6667,970,23,sad,5
6668,970,22,neutral,4
6669,972,50,sad,5
6670,972,47,happy,3
6671,972,28,happy,3
6672,972,44,angry,0
6673,972,46,angry,0
6674,972,41,happy,3
6675,972,42,neutral,4
6676,972,39,happy,3
6677,972,48,happy,3
6678,972,52,happy,3
6679,972,33,happy,3
6689,979,22,neutral,4
6690,979,23,neutral,4
6691,979,24,neutral,4
6692,979,24,happy,3
6693,979,24,neutral,4
6694,979,22,happy,3
6695,979,28,happy,3
6696,979,23,sad,5
6702,984,38,angry,0
6704,984,48,neutral,4
6705,984,45,sad,5
6706,984,40,neutral,4
6708,984,43,neutral,4
6709,984,34,neutral,4
6710,991,30,neutral,4
6711,991,31,happy,3
6712,991,31,fear,2
6713,991,30,angry,0
6714,991,30,neutral,4
6715,991,28,neutral,4
6716,991,34,happy,3
6717,991,27,neutral,4
6718,991,25,happy,3
6719,991,30,angry,0
6720,993,27,neutral,4
6721,993,28,neutral,4
6723,993,30,neutral,4
6724,993,24,neutral,4
6725,993,30,neutral,4
6744,1009,27,sad,5
6745,1009,34,happy,3
6747,1009,26,happy,3
6749,1009,32,sad,5
6750,1009,34,happy,3
6751,1011,28,happy,3
6752,1011,37,neutral,4
6753,1011,47,angry,0
6754,1011,31,happy,3
6755,1011,26,happy,3
6756,1011,30,neutral,4
6757,1012,44,happy,3
6758,1012,47,happy,3
6759,1012,31,angry,0
6760,1012,39,happy,3
6761,1012,35,neutral,4
6762,1012,37,happy,3
6763,1012,25,happy,3
6764,1012,44,happy,3
6765,1012,46,happy,3
6766,1012,26,happy,3
6767,1016,23,happy,3
6768,1016,23,happy,3
6769,1016,23,happy,3
6770,1016,23,neutral,4
6771,1016,27,happy,3
6772,1016,27,neutral,4
6773,1016,23,happy,3
6774,1016,31,angry,0
6775,1027,47,happy,3
6776,1027,37,sad,5
6777,1027,45,sad,5
6778,1027,44,happy,3
6779,1027,35,neutral,4
6780,1027,38,happy,3
6781,1027,47,neutral,4
6796,1044,29,happy,3
6797,1044,31,happy,3
6798,1044,31,happy,3
6799,1044,30,happy,3
6800,1044,32,happy,3
6801,1044,32,neutral,4
6802,1044,30,happy,3
6803,1046,25,neutral,4
6804,1046,29,happy,3
6805,1046,26,sad,5
6806,1046,24,neutral,4
6807,1046,25,neutral,4
6808,1046,25,neutral,4
6809,1046,25,neutral,4
6810,1046,25,neutral,4
6811,1046,24,neutral,4
6822,1053,29,angry,0
6823,1053,25,neutral,4
6824,1053,27,happy,3
6825,1053,24,neutral,4
6826,1053,27,happy,3
6827,1053,30,happy,3
6828,1053,29,neutral,4
6829,1053,24,neutral,4
6830,1053,27,happy,3
6831,1055,46,angry,0
6832,1055,52,fear,2
6833,1055,44,happy,3
6834,1055,47,angry,0
6835,1055,50,angry,0
6836,1055,51,sad,5
6837,1055,45,happy,3
6838,1056,29,happy,3
6840,1056,30,happy,3
6841,1056,27,happy,3
6842,1056,27,neutral,4
6843,1056,26,neutral,4
6844,1056,31,happy,3
6845,1057,34,neutral,4
6846,1057,26,happy,3
6847,1057,30,happy,3
6848,1057,28,happy,3
6849,1057,34,happy,3
6850,1057,38,happy,3
6851,1057,41,happy,3
6853,1060,23,neutral,4
6854,1060,25,angry,0
6855,1060,25,happy,3
6856,1060,24,angry,0
6857,1060,25,angry,0
6858,1060,22,sad,5
6859,1060,31,fear,2
6872,1079,23,happy,3
6873,1079,24,happy,3
6874,1079,23,angry,0
6875,1079,24,angry,0
6876,1079,22,happy,3
6877,1079,27,neutral,4
6878,1079,23,happy,3
6879,1079,26,neutral,4
6880,1079,26,angry,0
6881,1079,22,happy,3
6882,1079,23,angry,0
6883,1079,22,happy,3
6884,1079,29,sad,5
6885,1079,23,happy,3
6886,1081,27,neutral,4
6887,1081,27,happy,3
6888,1081,28,happy,3
6889,1081,29,happy,3
6890,1081,27,neutral,4
6891,1081,24,neutral,4
6892,1081,29,happy,3
6893,1081,27,neutral,4
6895,1090,41,neutral,4
6896,1090,42,angry,0
6897,1090,33,neutral,4
6898,1090,49,happy,3
6899,1092,30,happy,3
6900,1092,32,happy,3
6901,1092,30,happy,3
6902,1092,25,happy,3
6903,1092,30,happy,3
6904,1093,31,happy,3
6905,1093,35,happy,3
6906,1093,33,happy,3
6907,1093,32,happy,3
6908,1093,33,happy,3
6909,1093,29,neutral,4
6912,1093,33,neutral,4
6927,1107,33,neutral,4
6928,1107,37,neutral,4
6929,1107,44,happy,3
6930,1107,28,happy,3
6931,1107,33,neutral,4
6932,1107,30,neutral,4
6933,1107,29,neutral,4
6934,1107,27,sad,5
6935,1107,28,fear,2
6936,1107,35,happy,3
6937,1107,24,neutral,4
6938,1107,35,sad,5
6939,1107,48,disgust,1
6940,1107,27,angry,0
6941,1107,35,happy,3
6942,1111,34,happy,3
6943,1111,39,happy,3
6944,1111,39,happy,3
6945,1111,39,happy,3
6946,1111,31,happy,3
6947,1116,49,neutral,4
6948,1116,44,happy,3
6949,1116,43,happy,3
6950,1116,47,neutral,4
6951,1116,36,angry,0
6952,1116,45,happy,3
6953,1116,32,angry,0
6954,1116,32,neutral,4
6955,1121,,,
6956,1121,,,
6957,1121,,,
6958,1121,,,
6959,1121,,,
6960,1121,,,
6961,1121,,,
6962,1122,,,
6963,1122,,,
6964,1122,,,
6965,1122,,,
6966,1122,,,
6967,1122,,,
6968,1122,,,
6969,1122,,,
6970,1122,,,
6971,1122,,,
6972,1122,,,
6973,1122,,,
6974,1122,,,
6975,1123,,,
6976,1123,,,
6977,1123,,,
6978,1123,,,
